user_id,survey_date,company_size,confusion_during_onboarding,feature_request,nps_score
USR00001,2024-11-23,5-20,Wish there were example tasks so I could see what a good task looks like,Needed examples or templates,8
USR00002,2024-11-23,100+,Would love to see templates for common use cases,Needed examples or templates,4
USR00003,2024-11-02,5-20,Wish there was some guidance on what to create,Didn't know what to create,4
USR00004,2024-11-01,5-20,I signed up but stared at the empty project for 5 minutes not knowing what to do,Didn't know what to create,6
USR00005,2024-11-28,5-20,Overwhelmed by the lack of structure,Felt overwhelmed by blank canvas,7
USR00006,2024-11-30,5-20,"Too many options, didn't know where to start",Felt overwhelmed by blank canvas,6
USR00007,2024-11-09,5-20,I signed up but stared at the empty project for 5 minutes not knowing what to do,Didn't know what to create,7
USR00008,2024-11-24,21-99,Some examples would have been super helpful,Needed examples or templates,7
USR00009,2024-11-25,21-99,"Coming from Asana, I expected some starter templates",Needed examples or templates,5
USR00010,2024-11-08,5-20,Expected some direction on where to start,Didn't know what to create,5
USR00011,2024-11-26,21-99,How much info should a task have?,Unclear what tasks should look like,5
USR00012,2024-11-25,100+,Some examples would have been super helpful,Needed examples or templates,4
USR00013,2024-11-09,5-20,Unclear on the format for tasks,Unclear what tasks should look like,7
USR00014,2024-11-25,21-99,Show me what good looks like with samples,Needed examples or templates,6
USR00015,2024-11-19,5-20,Felt lost staring at an empty screen,Felt overwhelmed by blank canvas,8
USR00016,2024-11-19,5-20,No idea what my first task should be,Didn't know what to create,6
USR00017,2024-11-08,5-20,Wish there were example tasks so I could see what a good task looks like,Needed examples or templates,6
USR00018,2024-11-01,21-99,"Coming from Asana, I expected some starter templates",Needed examples or templates,4
USR00019,2024-11-24,5-20,Unclear on the format for tasks,Unclear what tasks should look like,8
USR00020,2024-11-10,100+,Wish there was some guidance on what to create,Didn't know what to create,7
USR00021,2024-11-13,5-20,Felt lost staring at an empty screen,Felt overwhelmed by blank canvas,5
USR00022,2024-11-25,5-20,Wish there were example tasks so I could see what a good task looks like,Needed examples or templates,6
USR00023,2024-11-30,5-20,Wish there was some guidance on what to create,Didn't know what to create,8
USR00024,2024-11-09,100+,"Too many options, didn't know where to start",Felt overwhelmed by blank canvas,6
USR00025,2024-11-19,5-20,No idea what my first task should be,Didn't know what to create,4
USR00026,2024-11-24,5-20,Wish there was some guidance on what to create,Didn't know what to create,4
USR00027,2024-11-19,5-20,Blank slate made me anxious,Felt overwhelmed by blank canvas,4
USR00028,2024-11-30,21-99,Just sat there confused about what to put in,Didn't know what to create,7
USR00029,2024-11-10,5-20,Felt lost staring at an empty screen,Felt overwhelmed by blank canvas,5
USR00030,2024-11-13,21-99,Unclear on the format for tasks,Unclear what tasks should look like,4
USR00031,2024-11-09,5-20,No idea what my first task should be,Didn't know what to create,5
USR00032,2024-11-08,5-20,Some examples would have been super helpful,Needed examples or templates,8
USR00033,2024-11-26,21-99,How much info should a task have?,Unclear what tasks should look like,5
USR00034,2024-11-07,21-99,I signed up but stared at the empty project for 5 minutes not knowing what to do,Didn't know what to create,7
USR00035,2024-11-03,21-99,"Coming from Asana, I expected some starter templates",Needed examples or templates,7
USR00036,2024-11-24,100+,Not sure what level of detail to use,Unclear what tasks should look like,4
USR00037,2024-11-29,5-20,Overwhelmed by the lack of structure,Felt overwhelmed by blank canvas,7
USR00038,2024-11-08,100+,How much info should a task have?,Unclear what tasks should look like,4
USR00039,2024-11-03,5-20,"Too many options, didn't know where to start",Felt overwhelmed by blank canvas,5
USR00040,2024-11-04,100+,No idea what my first task should be,Didn't know what to create,4
USR00041,2024-11-27,5-20,Overwhelmed by the lack of structure,Felt overwhelmed by blank canvas,6
USR00042,2024-11-22,21-99,Expected some direction on where to start,Didn't know what to create,4
USR00043,2024-11-17,21-99,Blank slate made me anxious,Felt overwhelmed by blank canvas,8
USR00044,2024-11-12,21-99,How much info should a task have?,Unclear what tasks should look like,4
USR00045,2024-11-17,5-20,Wish there was some guidance on what to create,Didn't know what to create,4
USR00046,2024-11-18,5-20,Expected some direction on where to start,Didn't know what to create,6
USR00047,2024-11-14,5-20,Felt lost staring at an empty screen,Felt overwhelmed by blank canvas,8
USR00048,2024-11-15,21-99,I signed up but stared at the empty project for 5 minutes not knowing what to do,Didn't know what to create,6
USR00049,2024-11-19,100+,Not sure what level of detail to use,Unclear what tasks should look like,5
USR00050,2024-11-22,5-20,No idea what my first task should be,Didn't know what to create,6
USR00051,2024-11-22,5-20,No idea what my first task should be,Didn't know what to create,6
USR00052,2024-11-10,5-20,Wish there was some guidance on what to create,Didn't know what to create,4
USR00053,2024-11-28,5-20,Just sat there confused about what to put in,Didn't know what to create,4
USR00054,2024-11-03,5-20,No idea what my first task should be,Didn't know what to create,4
USR00055,2024-11-08,5-20,Just sat there confused about what to put in,Didn't know what to create,8
USR00056,2024-11-10,5-20,"Too many options, didn't know where to start",Felt overwhelmed by blank canvas,5
USR00057,2024-11-22,5-20,What makes a good task vs a bad one?,Unclear what tasks should look like,7
USR00058,2024-11-05,100+,Wish there were example tasks so I could see what a good task looks like,Needed examples or templates,8
USR00059,2024-11-26,100+,Felt lost staring at an empty screen,Felt overwhelmed by blank canvas,7
USR00060,2024-11-14,5-20,"Coming from Asana, I expected some starter templates",Needed examples or templates,4
USR00061,2024-11-07,5-20,Wish there were example tasks so I could see what a good task looks like,Needed examples or templates,5
USR00062,2024-11-26,5-20,Show me what good looks like with samples,Needed examples or templates,8
USR00063,2024-11-08,21-99,Expected some direction on where to start,Didn't know what to create,7
USR00064,2024-11-08,5-20,Show me what good looks like with samples,Needed examples or templates,6
USR00065,2024-11-11,5-20,Show me what good looks like with samples,Needed examples or templates,4
USR00066,2024-11-21,100+,"Too many options, didn't know where to start",Felt overwhelmed by blank canvas,6
USR00067,2024-11-04,5-20,Not sure what level of detail to use,Unclear what tasks should look like,7
USR00068,2024-11-19,100+,The empty project was intimidating,Felt overwhelmed by blank canvas,5
USR00069,2024-11-21,21-99,Just sat there confused about what to put in,Didn't know what to create,6
USR00070,2024-11-17,5-20,Expected some direction on where to start,Didn't know what to create,4
USR00071,2024-11-25,100+,Just sat there confused about what to put in,Didn't know what to create,5
USR00072,2024-11-02,5-20,Wish there was some guidance on what to create,Didn't know what to create,8
USR00073,2024-11-07,21-99,Show me what good looks like with samples,Needed examples or templates,6
USR00074,2024-11-09,5-20,Show me what good looks like with samples,Needed examples or templates,6
USR00075,2024-11-28,5-20,Would love to see templates for common use cases,Needed examples or templates,4
USR00076,2024-11-24,5-20,Blank slate made me anxious,Felt overwhelmed by blank canvas,5
USR00077,2024-11-15,5-20,I signed up but stared at the empty project for 5 minutes not knowing what to do,Didn't know what to create,6
USR00078,2024-11-12,100+,"Too many options, didn't know where to start",Felt overwhelmed by blank canvas,6
USR00079,2024-11-09,5-20,The empty project was intimidating,Felt overwhelmed by blank canvas,7
USR00080,2024-11-25,100+,Show me what good looks like with samples,Needed examples or templates,8
USR00081,2024-11-18,21-99,"Too many options, didn't know where to start",Felt overwhelmed by blank canvas,4
USR00082,2024-11-25,21-99,Would love to see templates for common use cases,Needed examples or templates,4
USR00083,2024-11-30,5-20,Overwhelmed by the lack of structure,Felt overwhelmed by blank canvas,6
USR00084,2024-11-16,21-99,How much info should a task have?,Unclear what tasks should look like,6
USR00085,2024-11-13,5-20,Some examples would have been super helpful,Needed examples or templates,8
USR00086,2024-11-23,5-20,Not sure what level of detail to use,Unclear what tasks should look like,4
USR00087,2024-11-23,100+,Wish there were example tasks so I could see what a good task looks like,Needed examples or templates,8
USR00088,2024-11-14,5-20,Just sat there confused about what to put in,Didn't know what to create,5
USR00089,2024-11-25,5-20,Felt lost staring at an empty screen,Felt overwhelmed by blank canvas,4
USR00090,2024-11-23,5-20,Some examples would have been super helpful,Needed examples or templates,4
USR00091,2024-11-04,21-99,Some examples would have been super helpful,Needed examples or templates,4
USR00092,2024-11-08,5-20,I signed up but stared at the empty project for 5 minutes not knowing what to do,Didn't know what to create,6
USR00093,2024-11-22,5-20,The empty project was intimidating,Felt overwhelmed by blank canvas,7
USR00094,2024-11-08,5-20,Felt lost staring at an empty screen,Felt overwhelmed by blank canvas,8
USR00095,2024-11-19,100+,Blank slate made me anxious,Felt overwhelmed by blank canvas,8
USR00096,2024-11-26,21-99,The empty project was intimidating,Felt overwhelmed by blank canvas,6
USR00097,2024-11-26,21-99,Felt lost staring at an empty screen,Felt overwhelmed by blank canvas,8
USR00098,2024-11-20,21-99,Expected some direction on where to start,Didn't know what to create,5
USR00099,2024-11-10,5-20,Expected some direction on where to start,Didn't know what to create,4
USR00100,2024-11-04,21-99,Expected some direction on where to start,Didn't know what to create,7
USR00101,2024-11-25,21-99,I signed up but stared at the empty project for 5 minutes not knowing what to do,Didn't know what to create,6
USR00102,2024-11-30,5-20,"Coming from Asana, I expected some starter templates",Needed examples or templates,4
USR00103,2024-11-17,21-99,Show me what good looks like with samples,Needed examples or templates,4
USR00104,2024-11-29,21-99,Wish there was some guidance on what to create,Didn't know what to create,5
USR00105,2024-11-29,100+,No idea what my first task should be,Didn't know what to create,6
USR00106,2024-11-29,5-20,Blank slate made me anxious,Felt overwhelmed by blank canvas,4
USR00107,2024-11-27,100+,No idea what my first task should be,Didn't know what to create,6
USR00108,2024-11-03,21-99,I signed up but stared at the empty project for 5 minutes not knowing what to do,Didn't know what to create,6
USR00109,2024-11-09,5-20,Expected some direction on where to start,Didn't know what to create,4
USR00110,2024-11-21,5-20,Some examples would have been super helpful,Needed examples or templates,4
USR00111,2024-11-08,21-99,I signed up but stared at the empty project for 5 minutes not knowing what to do,Didn't know what to create,6
USR00112,2024-11-28,5-20,Wish there was some guidance on what to create,Didn't know what to create,6
USR00113,2024-11-06,100+,Felt lost staring at an empty screen,Felt overwhelmed by blank canvas,5
USR00114,2024-11-24,21-99,Would love to see templates for common use cases,Needed examples or templates,6
USR00115,2024-11-25,5-20,Just sat there confused about what to put in,Didn't know what to create,4
USR00116,2024-11-22,5-20,Overwhelmed by the lack of structure,Felt overwhelmed by blank canvas,8
USR00117,2024-11-10,5-20,I signed up but stared at the empty project for 5 minutes not knowing what to do,Didn't know what to create,8
USR00118,2024-11-09,100+,Just sat there confused about what to put in,Didn't know what to create,6
USR00119,2024-11-18,100+,Show me what good looks like with samples,Needed examples or templates,6
USR00120,2024-11-02,5-20,Expected some direction on where to start,Didn't know what to create,8
USR00121,2024-11-27,100+,How much info should a task have?,Unclear what tasks should look like,5
USR00122,2024-11-05,5-20,Show me what good looks like with samples,Needed examples or templates,5
USR00123,2024-11-27,5-20,No idea what my first task should be,Didn't know what to create,6
USR00124,2024-11-29,21-99,Just sat there confused about what to put in,Didn't know what to create,6
USR00125,2024-11-02,21-99,Some examples would have been super helpful,Needed examples or templates,5
USR00126,2024-11-12,5-20,Blank slate made me anxious,Felt overwhelmed by blank canvas,5
USR00127,2024-11-12,5-20,Felt lost staring at an empty screen,Felt overwhelmed by blank canvas,7
USR00128,2024-11-16,5-20,Wish there was some guidance on what to create,Didn't know what to create,8
USR00129,2024-11-13,5-20,Wish there were example tasks so I could see what a good task looks like,Needed examples or templates,6
USR00130,2024-11-14,5-20,Just sat there confused about what to put in,Didn't know what to create,4
USR00131,2024-11-13,5-20,How much info should a task have?,Unclear what tasks should look like,7
USR00132,2024-11-10,5-20,Just sat there confused about what to put in,Didn't know what to create,6
USR00133,2024-11-26,5-20,Just sat there confused about what to put in,Didn't know what to create,8
USR00134,2024-11-08,100+,Unclear on the format for tasks,Unclear what tasks should look like,7
USR00135,2024-11-01,5-20,I signed up but stared at the empty project for 5 minutes not knowing what to do,Didn't know what to create,6
USR00136,2024-11-01,5-20,Unclear on the format for tasks,Unclear what tasks should look like,6
USR00137,2024-11-24,5-20,Wish there were example tasks so I could see what a good task looks like,Needed examples or templates,7
USR00138,2024-11-02,5-20,How much info should a task have?,Unclear what tasks should look like,5
USR00139,2024-11-27,100+,Some examples would have been super helpful,Needed examples or templates,8
USR00140,2024-11-05,5-20,I signed up but stared at the empty project for 5 minutes not knowing what to do,Didn't know what to create,7
USR00141,2024-11-10,5-20,The empty project was intimidating,Felt overwhelmed by blank canvas,5
USR00142,2024-11-05,5-20,"Too many options, didn't know where to start",Felt overwhelmed by blank canvas,8
USR00143,2024-11-10,5-20,Overwhelmed by the lack of structure,Felt overwhelmed by blank canvas,8
USR00144,2024-11-09,21-99,Show me what good looks like with samples,Needed examples or templates,6
USR00145,2024-11-05,21-99,Some examples would have been super helpful,Needed examples or templates,8
USR00146,2024-11-30,5-20,"Coming from Asana, I expected some starter templates",Needed examples or templates,6
USR00147,2024-11-30,100+,Blank slate made me anxious,Felt overwhelmed by blank canvas,7
USR00148,2024-11-24,5-20,Just sat there confused about what to put in,Didn't know what to create,5
USR00149,2024-11-24,5-20,Blank slate made me anxious,Felt overwhelmed by blank canvas,5
USR00150,2024-11-15,21-99,No idea what my first task should be,Didn't know what to create,6
USR00151,2024-11-29,5-20,No idea what my first task should be,Didn't know what to create,7
USR00152,2024-11-28,21-99,Wish there were example tasks so I could see what a good task looks like,Needed examples or templates,7
USR00153,2024-11-14,100+,Blank slate made me anxious,Felt overwhelmed by blank canvas,4
USR00154,2024-11-09,100+,Wish there was some guidance on what to create,Didn't know what to create,4
USR00155,2024-11-03,5-20,Show me what good looks like with samples,Needed examples or templates,4
USR00156,2024-11-04,100+,No idea what my first task should be,Didn't know what to create,5
USR00157,2024-11-18,21-99,Wish there was some guidance on what to create,Didn't know what to create,6
USR00158,2024-11-19,5-20,Overwhelmed by the lack of structure,Felt overwhelmed by blank canvas,5
USR00159,2024-11-15,100+,"Coming from Asana, I expected some starter templates",Needed examples or templates,5
USR00160,2024-11-07,100+,"Too many options, didn't know where to start",Felt overwhelmed by blank canvas,5
USR00161,2024-11-27,100+,No idea what my first task should be,Didn't know what to create,7
USR00162,2024-11-17,100+,Overwhelmed by the lack of structure,Felt overwhelmed by blank canvas,5
USR00163,2024-11-03,100+,I signed up but stared at the empty project for 5 minutes not knowing what to do,Didn't know what to create,5
USR00164,2024-11-13,5-20,Would love to see templates for common use cases,Needed examples or templates,4
USR00165,2024-11-09,5-20,"Coming from Asana, I expected some starter templates",Needed examples or templates,8
USR00166,2024-11-13,100+,Unclear on the format for tasks,Unclear what tasks should look like,5
USR00167,2024-11-28,5-20,"Coming from Asana, I expected some starter templates",Needed examples or templates,7
USR00168,2024-11-08,5-20,No idea what my first task should be,Didn't know what to create,4
USR00169,2024-11-18,5-20,Expected some direction on where to start,Didn't know what to create,7
USR00170,2024-11-08,5-20,Blank slate made me anxious,Felt overwhelmed by blank canvas,4
USR00171,2024-11-16,21-99,Would love to see templates for common use cases,Needed examples or templates,4
USR00172,2024-11-05,21-99,Unclear on the format for tasks,Unclear what tasks should look like,4
USR00173,2024-11-24,5-20,No idea what my first task should be,Didn't know what to create,7
USR00174,2024-11-22,100+,Wish there were example tasks so I could see what a good task looks like,Needed examples or templates,8
USR00175,2024-11-05,5-20,The empty project was intimidating,Felt overwhelmed by blank canvas,8
USR00176,2024-11-02,5-20,Expected some direction on where to start,Didn't know what to create,7
USR00177,2024-11-03,21-99,"Coming from Asana, I expected some starter templates",Needed examples or templates,6
USR00178,2024-11-06,5-20,Unclear on the format for tasks,Unclear what tasks should look like,8
USR00179,2024-11-14,21-99,I signed up but stared at the empty project for 5 minutes not knowing what to do,Didn't know what to create,6
USR00180,2024-11-26,100+,Not sure what level of detail to use,Unclear what tasks should look like,7
USR00181,2024-11-12,5-20,Would love to see templates for common use cases,Needed examples or templates,5
USR00182,2024-11-07,5-20,Need guidance on task structure,Unclear what tasks should look like,8
USR00183,2024-11-02,21-99,Unclear on the format for tasks,Unclear what tasks should look like,4
USR00184,2024-11-15,5-20,Wish there was some guidance on what to create,Didn't know what to create,4
USR00185,2024-11-08,21-99,Show me what good looks like with samples,Needed examples or templates,7
USR00186,2024-11-16,100+,Expected some direction on where to start,Didn't know what to create,6
USR00187,2024-11-01,5-20,Wish there were example tasks so I could see what a good task looks like,Needed examples or templates,6
USR00188,2024-11-11,5-20,Some examples would have been super helpful,Needed examples or templates,5
USR00189,2024-11-29,5-20,"Coming from Asana, I expected some starter templates",Needed examples or templates,7
USR00190,2024-11-05,5-20,"Coming from Asana, I expected some starter templates",Needed examples or templates,4
USR00191,2024-11-18,100+,"Too many options, didn't know where to start",Felt overwhelmed by blank canvas,4
USR00192,2024-11-10,21-99,Blank slate made me anxious,Felt overwhelmed by blank canvas,6
USR00193,2024-11-30,5-20,Unclear on the format for tasks,Unclear what tasks should look like,7
USR00194,2024-11-05,5-20,Unclear on the format for tasks,Unclear what tasks should look like,5
USR00195,2024-11-30,5-20,Need guidance on task structure,Unclear what tasks should look like,6
USR00196,2024-11-04,5-20,What makes a good task vs a bad one?,Unclear what tasks should look like,7
USR00197,2024-11-09,100+,Show me what good looks like with samples,Needed examples or templates,7
USR00198,2024-11-19,5-20,Blank slate made me anxious,Felt overwhelmed by blank canvas,8
USR00199,2024-11-11,5-20,Wish there were example tasks so I could see what a good task looks like,Needed examples or templates,4
USR00200,2024-11-13,100+,Would love to see templates for common use cases,Needed examples or templates,7
USR00201,2024-11-10,100+,Show me what good looks like with samples,Needed examples or templates,7
USR00202,2024-11-18,100+,Just sat there confused about what to put in,Didn't know what to create,4
USR00203,2024-11-03,100+,Wish there were example tasks so I could see what a good task looks like,Needed examples or templates,7
USR00204,2024-11-24,5-20,Overwhelmed by the lack of structure,Felt overwhelmed by blank canvas,8
USR00205,2024-11-05,100+,What makes a good task vs a bad one?,Unclear what tasks should look like,8
USR00206,2024-11-01,5-20,I signed up but stared at the empty project for 5 minutes not knowing what to do,Didn't know what to create,7
USR00207,2024-11-21,5-20,Wish there were example tasks so I could see what a good task looks like,Needed examples or templates,8
USR00208,2024-11-27,5-20,Show me what good looks like with samples,Needed examples or templates,5
USR00209,2024-11-14,21-99,"Too many options, didn't know where to start",Felt overwhelmed by blank canvas,5
USR00210,2024-11-16,100+,The empty project was intimidating,Felt overwhelmed by blank canvas,5
USR00211,2024-11-12,5-20,Would love to see templates for common use cases,Needed examples or templates,4
USR00212,2024-11-05,21-99,Wish there was some guidance on what to create,Didn't know what to create,7
USR00213,2024-11-22,5-20,Show me what good looks like with samples,Needed examples or templates,4
USR00214,2024-11-12,5-20,"Too many options, didn't know where to start",Felt overwhelmed by blank canvas,6
USR00215,2024-11-25,5-20,Expected some direction on where to start,Didn't know what to create,8
USR00216,2024-11-26,21-99,Unclear on the format for tasks,Unclear what tasks should look like,7
USR00217,2024-11-26,5-20,Show me what good looks like with samples,Needed examples or templates,4
USR00218,2024-11-23,21-99,Wish there was some guidance on what to create,Didn't know what to create,4
USR00219,2024-11-27,21-99,Felt lost staring at an empty screen,Felt overwhelmed by blank canvas,6
USR00220,2024-11-21,5-20,"Coming from Asana, I expected some starter templates",Needed examples or templates,7
USR00221,2024-11-24,100+,Show me what good looks like with samples,Needed examples or templates,7
USR00222,2024-11-28,100+,The empty project was intimidating,Felt overwhelmed by blank canvas,7
USR00223,2024-11-26,5-20,Just sat there confused about what to put in,Didn't know what to create,6
USR00224,2024-11-13,5-20,No idea what my first task should be,Didn't know what to create,5
USR00225,2024-11-28,5-20,Unclear on the format for tasks,Unclear what tasks should look like,8
USR00226,2024-11-03,100+,Unclear on the format for tasks,Unclear what tasks should look like,5
USR00227,2024-11-13,5-20,Just sat there confused about what to put in,Didn't know what to create,5
USR00228,2024-11-17,100+,Wish there were example tasks so I could see what a good task looks like,Needed examples or templates,6
USR00229,2024-11-29,5-20,"Coming from Asana, I expected some starter templates",Needed examples or templates,4
USR00230,2024-11-24,5-20,Need guidance on task structure,Unclear what tasks should look like,7
USR00231,2024-11-14,5-20,Expected some direction on where to start,Didn't know what to create,7
USR00232,2024-11-10,5-20,Expected some direction on where to start,Didn't know what to create,6
USR00233,2024-11-29,5-20,I signed up but stared at the empty project for 5 minutes not knowing what to do,Didn't know what to create,8
USR00234,2024-11-17,5-20,No idea what my first task should be,Didn't know what to create,6
USR00235,2024-11-22,5-20,No idea what my first task should be,Didn't know what to create,5
USR00236,2024-11-07,21-99,Expected some direction on where to start,Didn't know what to create,4
USR00237,2024-11-01,5-20,"Too many options, didn't know where to start",Felt overwhelmed by blank canvas,5
USR00238,2024-11-22,100+,Overwhelmed by the lack of structure,Felt overwhelmed by blank canvas,6
USR00239,2024-11-30,100+,Some examples would have been super helpful,Needed examples or templates,4
USR00240,2024-11-12,100+,Just sat there confused about what to put in,Didn't know what to create,7
USR00241,2024-11-13,5-20,Expected some direction on where to start,Didn't know what to create,8
USR00242,2024-11-27,5-20,I signed up but stared at the empty project for 5 minutes not knowing what to do,Didn't know what to create,7
USR00243,2024-11-22,100+,Some examples would have been super helpful,Needed examples or templates,7
USR00244,2024-11-30,100+,Felt lost staring at an empty screen,Felt overwhelmed by blank canvas,6
USR00245,2024-11-27,5-20,Some examples would have been super helpful,Needed examples or templates,6
USR00246,2024-11-16,21-99,Would love to see templates for common use cases,Needed examples or templates,4
USR00247,2024-11-17,100+,"Too many options, didn't know where to start",Felt overwhelmed by blank canvas,8
USR00248,2024-11-14,5-20,How much info should a task have?,Unclear what tasks should look like,4
USR00249,2024-11-16,5-20,Expected some direction on where to start,Didn't know what to create,8
USR00250,2024-11-17,5-20,Expected some direction on where to start,Didn't know what to create,8
USR00251,2024-11-16,100+,"Coming from Asana, I expected some starter templates",Needed examples or templates,5
USR00252,2024-11-06,5-20,Expected some direction on where to start,Didn't know what to create,6
USR00253,2024-11-23,5-20,How much info should a task have?,Unclear what tasks should look like,8
USR00254,2024-11-27,5-20,"Too many options, didn't know where to start",Felt overwhelmed by blank canvas,8
USR00255,2024-11-14,100+,Just sat there confused about what to put in,Didn't know what to create,7
USR00256,2024-11-05,5-20,What makes a good task vs a bad one?,Unclear what tasks should look like,5
USR00257,2024-11-19,5-20,I signed up but stared at the empty project for 5 minutes not knowing what to do,Didn't know what to create,6
USR00258,2024-11-08,5-20,No idea what my first task should be,Didn't know what to create,8
USR00259,2024-11-27,21-99,The empty project was intimidating,Felt overwhelmed by blank canvas,4
USR00260,2024-11-30,5-20,Unclear on the format for tasks,Unclear what tasks should look like,4
USR00261,2024-11-13,5-20,"Coming from Asana, I expected some starter templates",Needed examples or templates,6
USR00262,2024-11-17,5-20,"Coming from Asana, I expected some starter templates",Needed examples or templates,6
USR00263,2024-11-05,5-20,I signed up but stared at the empty project for 5 minutes not knowing what to do,Didn't know what to create,6
USR00264,2024-11-07,5-20,"Coming from Asana, I expected some starter templates",Needed examples or templates,6
USR00265,2024-11-15,21-99,Just sat there confused about what to put in,Didn't know what to create,8
USR00266,2024-11-29,5-20,Felt lost staring at an empty screen,Felt overwhelmed by blank canvas,4
USR00267,2024-11-22,5-20,Just sat there confused about what to put in,Didn't know what to create,7
USR00268,2024-11-30,21-99,"Too many options, didn't know where to start",Felt overwhelmed by blank canvas,8
USR00269,2024-11-23,100+,Overwhelmed by the lack of structure,Felt overwhelmed by blank canvas,7
USR00270,2024-11-22,5-20,Show me what good looks like with samples,Needed examples or templates,5
USR00271,2024-11-11,100+,Not sure what level of detail to use,Unclear what tasks should look like,8
USR00272,2024-11-20,21-99,Felt lost staring at an empty screen,Felt overwhelmed by blank canvas,5
USR00273,2024-11-09,100+,Felt lost staring at an empty screen,Felt overwhelmed by blank canvas,5
USR00274,2024-11-19,5-20,Overwhelmed by the lack of structure,Felt overwhelmed by blank canvas,6
USR00275,2024-11-05,5-20,Not sure what level of detail to use,Unclear what tasks should look like,7
USR00276,2024-11-19,5-20,Show me what good looks like with samples,Needed examples or templates,8
USR00277,2024-11-29,21-99,The empty project was intimidating,Felt overwhelmed by blank canvas,5
USR00278,2024-11-21,100+,Overwhelmed by the lack of structure,Felt overwhelmed by blank canvas,4
USR00279,2024-11-22,100+,How much info should a task have?,Unclear what tasks should look like,4
USR00280,2024-11-07,5-20,"Too many options, didn't know where to start",Felt overwhelmed by blank canvas,4
USR00281,2024-11-30,5-20,Blank slate made me anxious,Felt overwhelmed by blank canvas,4
USR00282,2024-11-19,5-20,Wish there was some guidance on what to create,Didn't know what to create,7
USR00283,2024-11-06,100+,Would love to see templates for common use cases,Needed examples or templates,5
USR00284,2024-11-02,5-20,Just sat there confused about what to put in,Didn't know what to create,5
USR00285,2024-11-21,21-99,Unclear on the format for tasks,Unclear what tasks should look like,4
USR00286,2024-11-17,5-20,No idea what my first task should be,Didn't know what to create,7
USR00287,2024-11-05,5-20,The empty project was intimidating,Felt overwhelmed by blank canvas,6
USR00288,2024-11-01,5-20,Blank slate made me anxious,Felt overwhelmed by blank canvas,6
USR00289,2024-11-28,5-20,"Coming from Asana, I expected some starter templates",Needed examples or templates,4
USR00290,2024-11-22,5-20,No idea what my first task should be,Didn't know what to create,6
USR00291,2024-11-17,5-20,Blank slate made me anxious,Felt overwhelmed by blank canvas,4
USR00292,2024-11-16,5-20,Expected some direction on where to start,Didn't know what to create,5
USR00293,2024-11-24,21-99,Show me what good looks like with samples,Needed examples or templates,8
USR00294,2024-11-20,21-99,Wish there was some guidance on what to create,Didn't know what to create,4
USR00295,2024-11-10,21-99,Expected some direction on where to start,Didn't know what to create,4
USR00296,2024-11-15,5-20,"Too many options, didn't know where to start",Felt overwhelmed by blank canvas,5
USR00297,2024-11-22,5-20,"Too many options, didn't know where to start",Felt overwhelmed by blank canvas,7
USR00298,2024-11-16,21-99,"Coming from Asana, I expected some starter templates",Needed examples or templates,6
USR00299,2024-11-09,5-20,No idea what my first task should be,Didn't know what to create,7
USR00300,2024-11-12,5-20,Wish there was some guidance on what to create,Didn't know what to create,6
USR00301,2024-11-18,100+,Wish there were example tasks so I could see what a good task looks like,Needed examples or templates,5
USR00302,2024-11-30,5-20,"Coming from Asana, I expected some starter templates",Needed examples or templates,5
USR00303,2024-11-19,5-20,"Too many options, didn't know where to start",Felt overwhelmed by blank canvas,8
USR00304,2024-11-09,5-20,"Too many options, didn't know where to start",Felt overwhelmed by blank canvas,4
USR00305,2024-11-12,5-20,"Too many options, didn't know where to start",Felt overwhelmed by blank canvas,6
USR00306,2024-11-27,21-99,Some examples would have been super helpful,Needed examples or templates,5
USR00307,2024-11-16,100+,"Coming from Asana, I expected some starter templates",Needed examples or templates,7
USR00308,2024-11-16,5-20,Overwhelmed by the lack of structure,Felt overwhelmed by blank canvas,4
USR00309,2024-11-27,5-20,Not sure what level of detail to use,Unclear what tasks should look like,5
USR00310,2024-11-15,21-99,Just sat there confused about what to put in,Didn't know what to create,6
USR00311,2024-11-20,5-20,Blank slate made me anxious,Felt overwhelmed by blank canvas,6
USR00312,2024-11-15,21-99,How much info should a task have?,Unclear what tasks should look like,4
USR00313,2024-11-26,100+,How much info should a task have?,Unclear what tasks should look like,5
USR00314,2024-11-02,100+,Unclear on the format for tasks,Unclear what tasks should look like,8
USR00315,2024-11-03,5-20,Blank slate made me anxious,Felt overwhelmed by blank canvas,5
USR00316,2024-11-13,5-20,Wish there was some guidance on what to create,Didn't know what to create,6
USR00317,2024-11-09,5-20,Expected some direction on where to start,Didn't know what to create,7
USR00318,2024-11-19,5-20,I signed up but stared at the empty project for 5 minutes not knowing what to do,Didn't know what to create,4
USR00319,2024-11-15,21-99,What makes a good task vs a bad one?,Unclear what tasks should look like,7
USR00320,2024-11-23,5-20,Just sat there confused about what to put in,Didn't know what to create,8
USR00321,2024-11-02,100+,Unclear on the format for tasks,Unclear what tasks should look like,7
USR00322,2024-11-04,5-20,How much info should a task have?,Unclear what tasks should look like,8
USR00323,2024-11-25,5-20,I signed up but stared at the empty project for 5 minutes not knowing what to do,Didn't know what to create,8
USR00324,2024-11-02,100+,No idea what my first task should be,Didn't know what to create,6
USR00325,2024-11-17,100+,Felt lost staring at an empty screen,Felt overwhelmed by blank canvas,7
USR00326,2024-11-29,5-20,Show me what good looks like with samples,Needed examples or templates,7
USR00327,2024-11-04,5-20,"Coming from Asana, I expected some starter templates",Needed examples or templates,7
USR00328,2024-11-21,5-20,Just sat there confused about what to put in,Didn't know what to create,5
USR00329,2024-11-08,5-20,Just sat there confused about what to put in,Didn't know what to create,6
USR00330,2024-11-21,100+,Need guidance on task structure,Unclear what tasks should look like,6
USR00331,2024-11-27,100+,Just sat there confused about what to put in,Didn't know what to create,5
USR00332,2024-11-11,5-20,No idea what my first task should be,Didn't know what to create,6
USR00333,2024-11-25,5-20,Unclear on the format for tasks,Unclear what tasks should look like,4
USR00334,2024-11-26,100+,Some examples would have been super helpful,Needed examples or templates,6
USR00335,2024-11-23,100+,What makes a good task vs a bad one?,Unclear what tasks should look like,6
USR00336,2024-11-26,5-20,No idea what my first task should be,Didn't know what to create,5
USR00337,2024-11-15,21-99,Just sat there confused about what to put in,Didn't know what to create,6
USR00338,2024-11-17,5-20,I signed up but stared at the empty project for 5 minutes not knowing what to do,Didn't know what to create,8
USR00339,2024-11-06,5-20,Unclear on the format for tasks,Unclear what tasks should look like,4
USR00340,2024-11-24,5-20,Show me what good looks like with samples,Needed examples or templates,6
USR00341,2024-11-27,100+,"Too many options, didn't know where to start",Felt overwhelmed by blank canvas,7
USR00342,2024-11-13,5-20,Wish there was some guidance on what to create,Didn't know what to create,5
USR00343,2024-11-30,5-20,No idea what my first task should be,Didn't know what to create,8
USR00344,2024-11-28,5-20,Would love to see templates for common use cases,Needed examples or templates,7
USR00345,2024-11-05,5-20,Wish there were example tasks so I could see what a good task looks like,Needed examples or templates,4
USR00346,2024-11-20,100+,"Too many options, didn't know where to start",Felt overwhelmed by blank canvas,6
USR00347,2024-11-29,21-99,Would love to see templates for common use cases,Needed examples or templates,8
USR00348,2024-11-21,5-20,Wish there was some guidance on what to create,Didn't know what to create,8
USR00349,2024-11-13,100+,Just sat there confused about what to put in,Didn't know what to create,8
USR00350,2024-11-26,5-20,Show me what good looks like with samples,Needed examples or templates,7
USR00351,2024-11-18,100+,Felt lost staring at an empty screen,Felt overwhelmed by blank canvas,7
USR00352,2024-11-22,21-99,What makes a good task vs a bad one?,Unclear what tasks should look like,8
USR00353,2024-11-05,5-20,Some examples would have been super helpful,Needed examples or templates,7
USR00354,2024-11-20,5-20,Some examples would have been super helpful,Needed examples or templates,4
USR00355,2024-11-22,100+,Just sat there confused about what to put in,Didn't know what to create,8
USR00356,2024-11-06,100+,Not sure what level of detail to use,Unclear what tasks should look like,8
USR00357,2024-11-11,5-20,Just sat there confused about what to put in,Didn't know what to create,5
USR00358,2024-11-19,5-20,Just sat there confused about what to put in,Didn't know what to create,8
USR00359,2024-11-25,21-99,"Too many options, didn't know where to start",Felt overwhelmed by blank canvas,6
USR00360,2024-11-15,21-99,"Coming from Asana, I expected some starter templates",Needed examples or templates,7
USR00361,2024-11-30,5-20,"Too many options, didn't know where to start",Felt overwhelmed by blank canvas,7
USR00362,2024-11-02,100+,Would love to see templates for common use cases,Needed examples or templates,5
USR00363,2024-11-09,100+,Wish there were example tasks so I could see what a good task looks like,Needed examples or templates,4
USR00364,2024-11-12,5-20,Need guidance on task structure,Unclear what tasks should look like,7
USR00365,2024-11-03,5-20,Need guidance on task structure,Unclear what tasks should look like,7
USR00366,2024-11-06,5-20,Show me what good looks like with samples,Needed examples or templates,8
USR00367,2024-11-16,21-99,Wish there was some guidance on what to create,Didn't know what to create,8
USR00368,2024-11-29,21-99,Overwhelmed by the lack of structure,Felt overwhelmed by blank canvas,6
USR00369,2024-11-03,5-20,"Coming from Asana, I expected some starter templates",Needed examples or templates,7
USR00370,2024-11-26,5-20,Blank slate made me anxious,Felt overwhelmed by blank canvas,4
USR00371,2024-11-28,5-20,Would love to see templates for common use cases,Needed examples or templates,4
USR00372,2024-11-18,5-20,Just sat there confused about what to put in,Didn't know what to create,8
USR00373,2024-11-24,5-20,Show me what good looks like with samples,Needed examples or templates,4
USR00374,2024-11-26,5-20,"Too many options, didn't know where to start",Felt overwhelmed by blank canvas,7
USR00375,2024-11-16,21-99,Overwhelmed by the lack of structure,Felt overwhelmed by blank canvas,8
USR00376,2024-11-26,5-20,"Too many options, didn't know where to start",Felt overwhelmed by blank canvas,5
USR00377,2024-11-30,21-99,Wish there were example tasks so I could see what a good task looks like,Needed examples or templates,8
USR00378,2024-11-25,5-20,No idea what my first task should be,Didn't know what to create,5
USR00379,2024-11-19,5-20,I signed up but stared at the empty project for 5 minutes not knowing what to do,Didn't know what to create,5
USR00380,2024-11-08,100+,"Too many options, didn't know where to start",Felt overwhelmed by blank canvas,4
USR00381,2024-11-10,21-99,Just sat there confused about what to put in,Didn't know what to create,4
USR00382,2024-11-06,5-20,Some examples would have been super helpful,Needed examples or templates,7
USR00383,2024-11-06,5-20,Expected some direction on where to start,Didn't know what to create,6
USR00384,2024-11-20,5-20,"Too many options, didn't know where to start",Felt overwhelmed by blank canvas,4
USR00385,2024-11-22,100+,Felt lost staring at an empty screen,Felt overwhelmed by blank canvas,8
USR00386,2024-11-23,21-99,The empty project was intimidating,Felt overwhelmed by blank canvas,8
USR00387,2024-11-21,21-99,What makes a good task vs a bad one?,Unclear what tasks should look like,6
USR00388,2024-11-27,21-99,"Too many options, didn't know where to start",Felt overwhelmed by blank canvas,6
USR00389,2024-11-28,5-20,No idea what my first task should be,Didn't know what to create,8
USR00390,2024-11-30,21-99,Wish there were example tasks so I could see what a good task looks like,Needed examples or templates,6
USR00391,2024-11-10,100+,Wish there were example tasks so I could see what a good task looks like,Needed examples or templates,4
USR00392,2024-11-15,21-99,Need guidance on task structure,Unclear what tasks should look like,7
USR00393,2024-11-01,5-20,No idea what my first task should be,Didn't know what to create,4
USR00394,2024-11-28,5-20,No idea what my first task should be,Didn't know what to create,8
USR00395,2024-11-01,21-99,Expected some direction on where to start,Didn't know what to create,4
USR00396,2024-11-06,21-99,I signed up but stared at the empty project for 5 minutes not knowing what to do,Didn't know what to create,4
USR00397,2024-11-12,21-99,I signed up but stared at the empty project for 5 minutes not knowing what to do,Didn't know what to create,8
USR00398,2024-11-08,5-20,Blank slate made me anxious,Felt overwhelmed by blank canvas,5
USR00399,2024-11-23,5-20,No idea what my first task should be,Didn't know what to create,4
USR00400,2024-11-29,5-20,I signed up but stared at the empty project for 5 minutes not knowing what to do,Didn't know what to create,7
USR00401,2024-11-15,5-20,"Too many options, didn't know where to start",Felt overwhelmed by blank canvas,8
USR00402,2024-11-29,21-99,What makes a good task vs a bad one?,Unclear what tasks should look like,4
USR00403,2024-11-04,21-99,Show me what good looks like with samples,Needed examples or templates,4
USR00404,2024-11-04,100+,Overwhelmed by the lack of structure,Felt overwhelmed by blank canvas,7
USR00405,2024-11-24,5-20,Would love to see templates for common use cases,Needed examples or templates,6
USR00406,2024-11-04,5-20,"Coming from Asana, I expected some starter templates",Needed examples or templates,5
USR00407,2024-11-14,5-20,"Too many options, didn't know where to start",Felt overwhelmed by blank canvas,5
USR00408,2024-11-02,100+,Wish there was some guidance on what to create,Didn't know what to create,5
USR00409,2024-11-21,100+,Not sure what level of detail to use,Unclear what tasks should look like,6
USR00410,2024-11-26,5-20,"Coming from Asana, I expected some starter templates",Needed examples or templates,4
USR00411,2024-11-02,21-99,"Coming from Asana, I expected some starter templates",Needed examples or templates,4
USR00412,2024-11-17,5-20,Expected some direction on where to start,Didn't know what to create,6
USR00413,2024-11-14,100+,Just sat there confused about what to put in,Didn't know what to create,8
USR00414,2024-11-09,5-20,Wish there were example tasks so I could see what a good task looks like,Needed examples or templates,4
USR00415,2024-11-18,21-99,What makes a good task vs a bad one?,Unclear what tasks should look like,7
USR00416,2024-11-09,21-99,Expected some direction on where to start,Didn't know what to create,5
USR00417,2024-11-11,5-20,Not sure what level of detail to use,Unclear what tasks should look like,7
USR00418,2024-11-29,5-20,Expected some direction on where to start,Didn't know what to create,7
USR00419,2024-11-08,21-99,Show me what good looks like with samples,Needed examples or templates,4
USR00420,2024-11-04,21-99,Wish there was some guidance on what to create,Didn't know what to create,4
USR00421,2024-11-03,21-99,Blank slate made me anxious,Felt overwhelmed by blank canvas,4
USR00422,2024-11-14,100+,Wish there were example tasks so I could see what a good task looks like,Needed examples or templates,8
USR00423,2024-11-20,5-20,Wish there was some guidance on what to create,Didn't know what to create,4
USR00424,2024-11-13,5-20,Just sat there confused about what to put in,Didn't know what to create,6
USR00425,2024-11-28,21-99,Felt lost staring at an empty screen,Felt overwhelmed by blank canvas,4
USR00426,2024-11-22,5-20,Some examples would have been super helpful,Needed examples or templates,8
USR00427,2024-11-14,100+,Not sure what level of detail to use,Unclear what tasks should look like,5
USR00428,2024-11-29,100+,Felt lost staring at an empty screen,Felt overwhelmed by blank canvas,8
USR00429,2024-11-01,5-20,I signed up but stared at the empty project for 5 minutes not knowing what to do,Didn't know what to create,5
USR00430,2024-11-18,21-99,Wish there were example tasks so I could see what a good task looks like,Needed examples or templates,4
USR00431,2024-11-25,100+,Blank slate made me anxious,Felt overwhelmed by blank canvas,7
USR00432,2024-11-16,100+,Some examples would have been super helpful,Needed examples or templates,4
USR00433,2024-11-19,21-99,Just sat there confused about what to put in,Didn't know what to create,4
USR00434,2024-11-04,5-20,Wish there were example tasks so I could see what a good task looks like,Needed examples or templates,7
USR00435,2024-11-14,5-20,Just sat there confused about what to put in,Didn't know what to create,7
USR00436,2024-11-25,21-99,How much info should a task have?,Unclear what tasks should look like,8
USR00437,2024-11-01,5-20,How much info should a task have?,Unclear what tasks should look like,6
USR00438,2024-11-15,5-20,Just sat there confused about what to put in,Didn't know what to create,5
USR00439,2024-11-11,21-99,Wish there was some guidance on what to create,Didn't know what to create,8
USR00440,2024-11-21,100+,Show me what good looks like with samples,Needed examples or templates,7
USR00441,2024-11-26,5-20,Felt lost staring at an empty screen,Felt overwhelmed by blank canvas,5
USR00442,2024-11-15,21-99,Wish there was some guidance on what to create,Didn't know what to create,7
USR00443,2024-11-29,21-99,Wish there was some guidance on what to create,Didn't know what to create,4
USR00444,2024-11-29,21-99,Some examples would have been super helpful,Needed examples or templates,7
USR00445,2024-11-07,100+,Blank slate made me anxious,Felt overwhelmed by blank canvas,8
USR00446,2024-11-10,5-20,"Too many options, didn't know where to start",Felt overwhelmed by blank canvas,8
USR00447,2024-11-18,5-20,Felt lost staring at an empty screen,Felt overwhelmed by blank canvas,6
USR00448,2024-11-05,21-99,Show me what good looks like with samples,Needed examples or templates,7
USR00449,2024-11-22,5-20,No idea what my first task should be,Didn't know what to create,7
USR00450,2024-11-08,5-20,How much info should a task have?,Unclear what tasks should look like,5
USR00451,2024-11-28,5-20,Just sat there confused about what to put in,Didn't know what to create,5
USR00452,2024-11-02,100+,Would love to see templates for common use cases,Needed examples or templates,6
USR00453,2024-11-25,5-20,No idea what my first task should be,Didn't know what to create,4
USR00454,2024-11-12,5-20,Wish there was some guidance on what to create,Didn't know what to create,5
USR00455,2024-11-28,5-20,Show me what good looks like with samples,Needed examples or templates,8
USR00456,2024-11-14,5-20,Wish there was some guidance on what to create,Didn't know what to create,7
USR00457,2024-11-02,5-20,Wish there was some guidance on what to create,Didn't know what to create,4
USR00458,2024-11-24,100+,Wish there was some guidance on what to create,Didn't know what to create,5
USR00459,2024-11-03,5-20,"Coming from Asana, I expected some starter templates",Needed examples or templates,8
USR00460,2024-11-09,5-20,Some examples would have been super helpful,Needed examples or templates,6
USR00461,2024-11-06,21-99,Overwhelmed by the lack of structure,Felt overwhelmed by blank canvas,6
USR00462,2024-11-06,100+,Show me what good looks like with samples,Needed examples or templates,4
USR00463,2024-11-29,5-20,I signed up but stared at the empty project for 5 minutes not knowing what to do,Didn't know what to create,4
USR00464,2024-11-30,5-20,Overwhelmed by the lack of structure,Felt overwhelmed by blank canvas,5
USR00465,2024-11-29,5-20,Would love to see templates for common use cases,Needed examples or templates,8
USR00466,2024-11-20,100+,Just sat there confused about what to put in,Didn't know what to create,5
USR00467,2024-11-11,5-20,Need guidance on task structure,Unclear what tasks should look like,8
USR00468,2024-11-29,5-20,Overwhelmed by the lack of structure,Felt overwhelmed by blank canvas,4
USR00469,2024-11-12,5-20,Just sat there confused about what to put in,Didn't know what to create,6
USR00470,2024-11-26,5-20,Wish there were example tasks so I could see what a good task looks like,Needed examples or templates,8
USR00471,2024-11-08,100+,How much info should a task have?,Unclear what tasks should look like,5
USR00472,2024-11-02,5-20,Show me what good looks like with samples,Needed examples or templates,5
USR00473,2024-11-09,5-20,I signed up but stared at the empty project for 5 minutes not knowing what to do,Didn't know what to create,4
USR00474,2024-11-24,5-20,Just sat there confused about what to put in,Didn't know what to create,6
USR00475,2024-11-29,100+,Some examples would have been super helpful,Needed examples or templates,5
USR00476,2024-11-10,5-20,I signed up but stared at the empty project for 5 minutes not knowing what to do,Didn't know what to create,6
USR00477,2024-11-21,5-20,Show me what good looks like with samples,Needed examples or templates,7
USR00478,2024-11-04,100+,Overwhelmed by the lack of structure,Felt overwhelmed by blank canvas,7
USR00479,2024-11-08,100+,Would love to see templates for common use cases,Needed examples or templates,4
USR00480,2024-11-17,21-99,Wish there were example tasks so I could see what a good task looks like,Needed examples or templates,7
USR00481,2024-11-03,100+,"Coming from Asana, I expected some starter templates",Needed examples or templates,8
USR00482,2024-11-01,5-20,Unclear on the format for tasks,Unclear what tasks should look like,4
USR00483,2024-11-05,21-99,I signed up but stared at the empty project for 5 minutes not knowing what to do,Didn't know what to create,4
USR00484,2024-11-30,5-20,Just sat there confused about what to put in,Didn't know what to create,5
USR00485,2024-11-18,100+,Overwhelmed by the lack of structure,Felt overwhelmed by blank canvas,5
USR00486,2024-11-21,5-20,Not sure what level of detail to use,Unclear what tasks should look like,8
USR00487,2024-11-13,100+,Overwhelmed by the lack of structure,Felt overwhelmed by blank canvas,8
USR00488,2024-11-10,5-20,Just sat there confused about what to put in,Didn't know what to create,8
USR00489,2024-11-13,100+,"Coming from Asana, I expected some starter templates",Needed examples or templates,5
USR00490,2024-11-02,21-99,Wish there was some guidance on what to create,Didn't know what to create,6
USR00491,2024-11-05,5-20,Just sat there confused about what to put in,Didn't know what to create,5
USR00492,2024-11-27,5-20,Expected some direction on where to start,Didn't know what to create,7
USR00493,2024-11-03,100+,Would love to see templates for common use cases,Needed examples or templates,8
USR00494,2024-11-23,100+,Overwhelmed by the lack of structure,Felt overwhelmed by blank canvas,6
USR00495,2024-11-15,100+,"Too many options, didn't know where to start",Felt overwhelmed by blank canvas,7
USR00496,2024-11-23,21-99,Wish there were example tasks so I could see what a good task looks like,Needed examples or templates,6
USR00497,2024-11-11,5-20,Show me what good looks like with samples,Needed examples or templates,8
USR00498,2024-11-28,100+,Wish there were example tasks so I could see what a good task looks like,Needed examples or templates,7
USR00499,2024-11-10,21-99,Expected some direction on where to start,Didn't know what to create,5
USR00500,2024-11-20,5-20,The empty project was intimidating,Felt overwhelmed by blank canvas,6
USR00501,2024-11-01,21-99,Would love to see templates for common use cases,Needed examples or templates,6
USR00502,2024-11-26,5-20,No idea what my first task should be,Didn't know what to create,8
USR00503,2024-11-12,100+,Some examples would have been super helpful,Needed examples or templates,7
USR00504,2024-11-23,5-20,Would love to see templates for common use cases,Needed examples or templates,6
USR00505,2024-11-10,100+,Just sat there confused about what to put in,Didn't know what to create,6
USR00506,2024-11-28,5-20,I signed up but stared at the empty project for 5 minutes not knowing what to do,Didn't know what to create,4
USR00507,2024-11-17,5-20,Would love to see templates for common use cases,Needed examples or templates,7
USR00508,2024-11-10,100+,Need guidance on task structure,Unclear what tasks should look like,4
USR00509,2024-11-29,100+,Wish there was some guidance on what to create,Didn't know what to create,4
USR00510,2024-11-17,5-20,"Too many options, didn't know where to start",Felt overwhelmed by blank canvas,6
USR00511,2024-11-13,5-20,Wish there was some guidance on what to create,Didn't know what to create,5
USR00512,2024-11-16,100+,Just sat there confused about what to put in,Didn't know what to create,7
USR00513,2024-11-30,100+,Blank slate made me anxious,Felt overwhelmed by blank canvas,7
USR00514,2024-11-29,5-20,Unclear on the format for tasks,Unclear what tasks should look like,8
USR00515,2024-11-26,100+,"Too many options, didn't know where to start",Felt overwhelmed by blank canvas,6
USR00516,2024-11-03,5-20,Need guidance on task structure,Unclear what tasks should look like,6
USR00517,2024-11-14,5-20,Wish there were example tasks so I could see what a good task looks like,Needed examples or templates,4
USR00518,2024-11-22,5-20,No idea what my first task should be,Didn't know what to create,5
USR00519,2024-11-28,5-20,"Too many options, didn't know where to start",Felt overwhelmed by blank canvas,8
USR00520,2024-11-09,5-20,Felt lost staring at an empty screen,Felt overwhelmed by blank canvas,6
USR00521,2024-11-29,5-20,Felt lost staring at an empty screen,Felt overwhelmed by blank canvas,7
USR00522,2024-11-09,21-99,No idea what my first task should be,Didn't know what to create,8
USR00523,2024-11-11,5-20,Wish there were example tasks so I could see what a good task looks like,Needed examples or templates,8
USR00524,2024-11-09,100+,Wish there were example tasks so I could see what a good task looks like,Needed examples or templates,5
USR00525,2024-11-10,5-20,"Coming from Asana, I expected some starter templates",Needed examples or templates,7
USR00526,2024-11-29,5-20,Overwhelmed by the lack of structure,Felt overwhelmed by blank canvas,6
USR00527,2024-11-03,21-99,Overwhelmed by the lack of structure,Felt overwhelmed by blank canvas,7
USR00528,2024-11-13,100+,Wish there was some guidance on what to create,Didn't know what to create,7
USR00529,2024-11-03,5-20,"Too many options, didn't know where to start",Felt overwhelmed by blank canvas,4
USR00530,2024-11-09,5-20,Wish there were example tasks so I could see what a good task looks like,Needed examples or templates,7
USR00531,2024-11-26,5-20,Just sat there confused about what to put in,Didn't know what to create,4
USR00532,2024-11-03,5-20,Some examples would have been super helpful,Needed examples or templates,5
USR00533,2024-11-15,5-20,Just sat there confused about what to put in,Didn't know what to create,6
USR00534,2024-11-20,21-99,Overwhelmed by the lack of structure,Felt overwhelmed by blank canvas,4
USR00535,2024-11-10,5-20,Not sure what level of detail to use,Unclear what tasks should look like,7
USR00536,2024-11-03,100+,No idea what my first task should be,Didn't know what to create,5
USR00537,2024-11-27,21-99,Wish there was some guidance on what to create,Didn't know what to create,6
USR00538,2024-11-10,5-20,"Too many options, didn't know where to start",Felt overwhelmed by blank canvas,7
USR00539,2024-11-21,100+,No idea what my first task should be,Didn't know what to create,4
USR00540,2024-11-21,21-99,Just sat there confused about what to put in,Didn't know what to create,8
USR00541,2024-11-18,5-20,I signed up but stared at the empty project for 5 minutes not knowing what to do,Didn't know what to create,4
USR00542,2024-11-19,5-20,Some examples would have been super helpful,Needed examples or templates,7
USR00543,2024-11-15,100+,Just sat there confused about what to put in,Didn't know what to create,6
USR00544,2024-11-25,100+,Wish there was some guidance on what to create,Didn't know what to create,6
USR00545,2024-11-11,21-99,Expected some direction on where to start,Didn't know what to create,4
USR00546,2024-11-20,5-20,Unclear on the format for tasks,Unclear what tasks should look like,5
USR00547,2024-11-12,21-99,I signed up but stared at the empty project for 5 minutes not knowing what to do,Didn't know what to create,5
USR00548,2024-11-13,100+,Would love to see templates for common use cases,Needed examples or templates,4
USR00549,2024-11-18,21-99,No idea what my first task should be,Didn't know what to create,5
USR00550,2024-11-21,21-99,I signed up but stared at the empty project for 5 minutes not knowing what to do,Didn't know what to create,6
USR00551,2024-11-21,5-20,I signed up but stared at the empty project for 5 minutes not knowing what to do,Didn't know what to create,7
USR00552,2024-11-01,5-20,Just sat there confused about what to put in,Didn't know what to create,5
USR00553,2024-11-26,21-99,"Coming from Asana, I expected some starter templates",Needed examples or templates,4
USR00554,2024-11-11,21-99,Blank slate made me anxious,Felt overwhelmed by blank canvas,6
USR00555,2024-11-27,5-20,Wish there were example tasks so I could see what a good task looks like,Needed examples or templates,7
USR00556,2024-11-10,5-20,Wish there was some guidance on what to create,Didn't know what to create,5
USR00557,2024-11-15,100+,No idea what my first task should be,Didn't know what to create,8
USR00558,2024-11-10,5-20,Some examples would have been super helpful,Needed examples or templates,5
USR00559,2024-11-12,5-20,No idea what my first task should be,Didn't know what to create,6
USR00560,2024-11-17,100+,Wish there were example tasks so I could see what a good task looks like,Needed examples or templates,5
USR00561,2024-11-12,5-20,Show me what good looks like with samples,Needed examples or templates,8
USR00562,2024-11-20,100+,Blank slate made me anxious,Felt overwhelmed by blank canvas,4
USR00563,2024-11-13,100+,Wish there were example tasks so I could see what a good task looks like,Needed examples or templates,8
USR00564,2024-11-09,5-20,Blank slate made me anxious,Felt overwhelmed by blank canvas,6
USR00565,2024-11-14,5-20,No idea what my first task should be,Didn't know what to create,8
USR00566,2024-11-01,5-20,Wish there was some guidance on what to create,Didn't know what to create,5
USR00567,2024-11-10,100+,"Coming from Asana, I expected some starter templates",Needed examples or templates,6
USR00568,2024-11-09,5-20,I signed up but stared at the empty project for 5 minutes not knowing what to do,Didn't know what to create,8
USR00569,2024-11-19,5-20,"Coming from Asana, I expected some starter templates",Needed examples or templates,4
USR00570,2024-11-04,100+,Wish there were example tasks so I could see what a good task looks like,Needed examples or templates,8
USR00571,2024-11-22,100+,"Coming from Asana, I expected some starter templates",Needed examples or templates,4
USR00572,2024-11-24,5-20,Wish there were example tasks so I could see what a good task looks like,Needed examples or templates,4
USR00573,2024-11-26,21-99,Wish there were example tasks so I could see what a good task looks like,Needed examples or templates,7
USR00574,2024-11-08,5-20,Not sure what level of detail to use,Unclear what tasks should look like,5
USR00575,2024-11-04,5-20,Wish there was some guidance on what to create,Didn't know what to create,4
USR00576,2024-11-24,5-20,Wish there were example tasks so I could see what a good task looks like,Needed examples or templates,7
USR00577,2024-11-29,5-20,Would love to see templates for common use cases,Needed examples or templates,7
USR00578,2024-11-12,5-20,Expected some direction on where to start,Didn't know what to create,5
USR00579,2024-11-28,5-20,Some examples would have been super helpful,Needed examples or templates,7
USR00580,2024-11-22,100+,Unclear on the format for tasks,Unclear what tasks should look like,4
USR00581,2024-11-14,100+,Show me what good looks like with samples,Needed examples or templates,4
USR00582,2024-11-12,5-20,"Coming from Asana, I expected some starter templates",Needed examples or templates,6
USR00583,2024-11-27,5-20,Some examples would have been super helpful,Needed examples or templates,7
USR00584,2024-11-18,100+,Need guidance on task structure,Unclear what tasks should look like,5
USR00585,2024-11-14,21-99,Some examples would have been super helpful,Needed examples or templates,4
USR00586,2024-11-11,5-20,Wish there were example tasks so I could see what a good task looks like,Needed examples or templates,7
USR00587,2024-11-04,21-99,Expected some direction on where to start,Didn't know what to create,6
USR00588,2024-11-14,21-99,Wish there was some guidance on what to create,Didn't know what to create,4
USR00589,2024-11-17,5-20,Some examples would have been super helpful,Needed examples or templates,4
USR00590,2024-11-19,5-20,What makes a good task vs a bad one?,Unclear what tasks should look like,8
USR00591,2024-11-15,100+,Some examples would have been super helpful,Needed examples or templates,8
USR00592,2024-11-16,5-20,Show me what good looks like with samples,Needed examples or templates,8
USR00593,2024-11-21,100+,The empty project was intimidating,Felt overwhelmed by blank canvas,8
USR00594,2024-11-14,21-99,Just sat there confused about what to put in,Didn't know what to create,4
USR00595,2024-11-09,100+,Would love to see templates for common use cases,Needed examples or templates,5
USR00596,2024-11-25,5-20,Wish there were example tasks so I could see what a good task looks like,Needed examples or templates,7
USR00597,2024-11-09,5-20,I signed up but stared at the empty project for 5 minutes not knowing what to do,Didn't know what to create,5
USR00598,2024-11-16,5-20,Wish there were example tasks so I could see what a good task looks like,Needed examples or templates,4
USR00599,2024-11-16,5-20,Need guidance on task structure,Unclear what tasks should look like,4
USR00600,2024-11-19,100+,I signed up but stared at the empty project for 5 minutes not knowing what to do,Didn't know what to create,8
USR00601,2024-11-12,21-99,The empty project was intimidating,Felt overwhelmed by blank canvas,7
USR00602,2024-11-26,5-20,Just sat there confused about what to put in,Didn't know what to create,5
USR00603,2024-11-12,5-20,Wish there was some guidance on what to create,Didn't know what to create,7
USR00604,2024-11-15,5-20,"Coming from Asana, I expected some starter templates",Needed examples or templates,5
USR00605,2024-11-25,100+,The empty project was intimidating,Felt overwhelmed by blank canvas,6
USR00606,2024-11-29,5-20,Not sure what level of detail to use,Unclear what tasks should look like,5
USR00607,2024-11-28,100+,No idea what my first task should be,Didn't know what to create,5
USR00608,2024-11-10,21-99,Blank slate made me anxious,Felt overwhelmed by blank canvas,7
USR00609,2024-11-07,100+,No idea what my first task should be,Didn't know what to create,6
USR00610,2024-11-27,5-20,Expected some direction on where to start,Didn't know what to create,5
USR00611,2024-11-01,21-99,Felt lost staring at an empty screen,Felt overwhelmed by blank canvas,8
USR00612,2024-11-11,5-20,How much info should a task have?,Unclear what tasks should look like,4
USR00613,2024-11-18,5-20,Not sure what level of detail to use,Unclear what tasks should look like,4
USR00614,2024-11-04,21-99,Wish there were example tasks so I could see what a good task looks like,Needed examples or templates,7
USR00615,2024-11-16,21-99,"Too many options, didn't know where to start",Felt overwhelmed by blank canvas,7
USR00616,2024-11-14,5-20,Expected some direction on where to start,Didn't know what to create,6
USR00617,2024-11-16,5-20,No idea what my first task should be,Didn't know what to create,5
USR00618,2024-11-14,100+,"Coming from Asana, I expected some starter templates",Needed examples or templates,6
USR00619,2024-11-01,5-20,What makes a good task vs a bad one?,Unclear what tasks should look like,8
USR00620,2024-11-02,100+,Not sure what level of detail to use,Unclear what tasks should look like,5
USR00621,2024-11-16,5-20,No idea what my first task should be,Didn't know what to create,4
USR00622,2024-11-22,5-20,Blank slate made me anxious,Felt overwhelmed by blank canvas,5
USR00623,2024-11-28,100+,Wish there were example tasks so I could see what a good task looks like,Needed examples or templates,8
USR00624,2024-11-21,5-20,"Too many options, didn't know where to start",Felt overwhelmed by blank canvas,4
USR00625,2024-11-12,5-20,Wish there were example tasks so I could see what a good task looks like,Needed examples or templates,7
USR00626,2024-11-26,5-20,Felt lost staring at an empty screen,Felt overwhelmed by blank canvas,6
USR00627,2024-11-05,5-20,Unclear on the format for tasks,Unclear what tasks should look like,8
USR00628,2024-11-20,5-20,Show me what good looks like with samples,Needed examples or templates,8
USR00629,2024-11-08,5-20,Not sure what level of detail to use,Unclear what tasks should look like,4
USR00630,2024-11-11,5-20,Some examples would have been super helpful,Needed examples or templates,7
USR00631,2024-11-14,5-20,Just sat there confused about what to put in,Didn't know what to create,4
USR00632,2024-11-14,100+,"Coming from Asana, I expected some starter templates",Needed examples or templates,5
USR00633,2024-11-17,21-99,What makes a good task vs a bad one?,Unclear what tasks should look like,4
USR00634,2024-11-27,5-20,Wish there was some guidance on what to create,Didn't know what to create,8
USR00635,2024-11-22,21-99,Show me what good looks like with samples,Needed examples or templates,6
USR00636,2024-11-19,21-99,Blank slate made me anxious,Felt overwhelmed by blank canvas,6
USR00637,2024-11-15,5-20,Felt lost staring at an empty screen,Felt overwhelmed by blank canvas,7
USR00638,2024-11-03,21-99,Need guidance on task structure,Unclear what tasks should look like,7
USR00639,2024-11-11,21-99,The empty project was intimidating,Felt overwhelmed by blank canvas,8
USR00640,2024-11-28,5-20,"Coming from Asana, I expected some starter templates",Needed examples or templates,7
USR00641,2024-11-24,5-20,No idea what my first task should be,Didn't know what to create,8
USR00642,2024-11-23,100+,Need guidance on task structure,Unclear what tasks should look like,5
USR00643,2024-11-13,21-99,"Coming from Asana, I expected some starter templates",Needed examples or templates,4
USR00644,2024-11-05,21-99,Wish there were example tasks so I could see what a good task looks like,Needed examples or templates,8
USR00645,2024-11-25,5-20,I signed up but stared at the empty project for 5 minutes not knowing what to do,Didn't know what to create,8
USR00646,2024-11-16,5-20,What makes a good task vs a bad one?,Unclear what tasks should look like,5
USR00647,2024-11-01,21-99,How much info should a task have?,Unclear what tasks should look like,5
USR00648,2024-11-18,21-99,How much info should a task have?,Unclear what tasks should look like,4
USR00649,2024-11-25,100+,Some examples would have been super helpful,Needed examples or templates,7
USR00650,2024-11-08,5-20,How much info should a task have?,Unclear what tasks should look like,7
USR00651,2024-11-08,5-20,No idea what my first task should be,Didn't know what to create,7
USR00652,2024-11-12,5-20,I signed up but stared at the empty project for 5 minutes not knowing what to do,Didn't know what to create,8
USR00653,2024-11-21,100+,"Coming from Asana, I expected some starter templates",Needed examples or templates,7
USR00654,2024-11-26,5-20,How much info should a task have?,Unclear what tasks should look like,8
USR00655,2024-11-14,5-20,Wish there was some guidance on what to create,Didn't know what to create,7
USR00656,2024-11-27,5-20,Wish there were example tasks so I could see what a good task looks like,Needed examples or templates,7
USR00657,2024-11-09,21-99,"Coming from Asana, I expected some starter templates",Needed examples or templates,6
USR00658,2024-11-14,100+,"Too many options, didn't know where to start",Felt overwhelmed by blank canvas,4
USR00659,2024-11-25,5-20,What makes a good task vs a bad one?,Unclear what tasks should look like,8
USR00660,2024-11-04,5-20,No idea what my first task should be,Didn't know what to create,4
USR00661,2024-11-05,21-99,Some examples would have been super helpful,Needed examples or templates,5
USR00662,2024-11-11,5-20,Show me what good looks like with samples,Needed examples or templates,4
USR00663,2024-11-22,5-20,I signed up but stared at the empty project for 5 minutes not knowing what to do,Didn't know what to create,6
USR00664,2024-11-01,100+,"Coming from Asana, I expected some starter templates",Needed examples or templates,8
USR00665,2024-11-26,5-20,The empty project was intimidating,Felt overwhelmed by blank canvas,4
USR00666,2024-11-03,21-99,Not sure what level of detail to use,Unclear what tasks should look like,7
USR00667,2024-11-07,5-20,Unclear on the format for tasks,Unclear what tasks should look like,7
USR00668,2024-11-15,21-99,Felt lost staring at an empty screen,Felt overwhelmed by blank canvas,6
USR00669,2024-11-08,21-99,The empty project was intimidating,Felt overwhelmed by blank canvas,8
USR00670,2024-11-20,5-20,Expected some direction on where to start,Didn't know what to create,8
USR00671,2024-11-11,100+,Show me what good looks like with samples,Needed examples or templates,5
USR00672,2024-11-05,5-20,Unclear on the format for tasks,Unclear what tasks should look like,6
USR00673,2024-11-05,100+,"Too many options, didn't know where to start",Felt overwhelmed by blank canvas,6
USR00674,2024-11-21,5-20,Expected some direction on where to start,Didn't know what to create,4
USR00675,2024-11-07,100+,Not sure what level of detail to use,Unclear what tasks should look like,8
USR00676,2024-11-10,5-20,Wish there were example tasks so I could see what a good task looks like,Needed examples or templates,5
USR00677,2024-11-11,5-20,Show me what good looks like with samples,Needed examples or templates,4
USR00678,2024-11-24,21-99,Expected some direction on where to start,Didn't know what to create,7
USR00679,2024-11-22,5-20,Some examples would have been super helpful,Needed examples or templates,4
USR00680,2024-11-21,5-20,Expected some direction on where to start,Didn't know what to create,8
USR00681,2024-11-11,21-99,Unclear on the format for tasks,Unclear what tasks should look like,4
USR00682,2024-11-21,5-20,Some examples would have been super helpful,Needed examples or templates,8
USR00683,2024-11-07,5-20,No idea what my first task should be,Didn't know what to create,4
USR00684,2024-11-17,5-20,No idea what my first task should be,Didn't know what to create,5
USR00685,2024-11-23,21-99,Felt lost staring at an empty screen,Felt overwhelmed by blank canvas,4
USR00686,2024-11-06,5-20,Show me what good looks like with samples,Needed examples or templates,5
USR00687,2024-11-29,5-20,Wish there was some guidance on what to create,Didn't know what to create,8
USR00688,2024-11-03,5-20,No idea what my first task should be,Didn't know what to create,4
USR00689,2024-11-03,100+,Just sat there confused about what to put in,Didn't know what to create,7
USR00690,2024-11-13,100+,No idea what my first task should be,Didn't know what to create,8
USR00691,2024-11-18,21-99,Not sure what level of detail to use,Unclear what tasks should look like,5
USR00692,2024-11-17,100+,Just sat there confused about what to put in,Didn't know what to create,6
USR00693,2024-11-02,5-20,Would love to see templates for common use cases,Needed examples or templates,5
USR00694,2024-11-22,21-99,Some examples would have been super helpful,Needed examples or templates,7
USR00695,2024-11-16,5-20,No idea what my first task should be,Didn't know what to create,6
USR00696,2024-11-25,5-20,"Too many options, didn't know where to start",Felt overwhelmed by blank canvas,7
USR00697,2024-11-11,5-20,Not sure what level of detail to use,Unclear what tasks should look like,5
USR00698,2024-11-30,5-20,Some examples would have been super helpful,Needed examples or templates,7
USR00699,2024-11-09,21-99,Blank slate made me anxious,Felt overwhelmed by blank canvas,6
USR00700,2024-11-08,5-20,Blank slate made me anxious,Felt overwhelmed by blank canvas,7
USR00701,2024-11-24,5-20,Overwhelmed by the lack of structure,Felt overwhelmed by blank canvas,8
USR00702,2024-11-05,100+,Just sat there confused about what to put in,Didn't know what to create,8
USR00703,2024-11-19,21-99,Blank slate made me anxious,Felt overwhelmed by blank canvas,4
USR00704,2024-11-25,21-99,Just sat there confused about what to put in,Didn't know what to create,7
USR00705,2024-11-29,5-20,Wish there was some guidance on what to create,Didn't know what to create,4
USR00706,2024-11-11,5-20,Just sat there confused about what to put in,Didn't know what to create,7
USR00707,2024-11-02,21-99,Overwhelmed by the lack of structure,Felt overwhelmed by blank canvas,4
USR00708,2024-11-20,5-20,Would love to see templates for common use cases,Needed examples or templates,4
USR00709,2024-11-28,5-20,Wish there was some guidance on what to create,Didn't know what to create,4
USR00710,2024-11-06,100+,Some examples would have been super helpful,Needed examples or templates,4
USR00711,2024-11-08,100+,Blank slate made me anxious,Felt overwhelmed by blank canvas,7
USR00712,2024-11-07,21-99,Overwhelmed by the lack of structure,Felt overwhelmed by blank canvas,5
USR00713,2024-11-08,5-20,Unclear on the format for tasks,Unclear what tasks should look like,5
USR00714,2024-11-09,100+,I signed up but stared at the empty project for 5 minutes not knowing what to do,Didn't know what to create,6
USR00715,2024-11-28,100+,Overwhelmed by the lack of structure,Felt overwhelmed by blank canvas,5
USR00716,2024-11-13,5-20,Would love to see templates for common use cases,Needed examples or templates,5
USR00717,2024-11-09,21-99,Some examples would have been super helpful,Needed examples or templates,4
USR00718,2024-11-22,5-20,"Too many options, didn't know where to start",Felt overwhelmed by blank canvas,8
USR00719,2024-11-30,100+,Unclear on the format for tasks,Unclear what tasks should look like,7
USR00720,2024-11-14,21-99,How much info should a task have?,Unclear what tasks should look like,7
USR00721,2024-11-01,5-20,"Coming from Asana, I expected some starter templates",Needed examples or templates,7
USR00722,2024-11-18,21-99,Wish there were example tasks so I could see what a good task looks like,Needed examples or templates,8
USR00723,2024-11-28,5-20,Expected some direction on where to start,Didn't know what to create,5
USR00724,2024-11-06,100+,No idea what my first task should be,Didn't know what to create,5
USR00725,2024-11-05,5-20,Felt lost staring at an empty screen,Felt overwhelmed by blank canvas,5
USR00726,2024-11-12,5-20,Wish there were example tasks so I could see what a good task looks like,Needed examples or templates,8
USR00727,2024-11-12,5-20,Wish there were example tasks so I could see what a good task looks like,Needed examples or templates,8
USR00728,2024-11-20,5-20,Show me what good looks like with samples,Needed examples or templates,5
USR00729,2024-11-03,5-20,No idea what my first task should be,Didn't know what to create,6
USR00730,2024-11-13,5-20,No idea what my first task should be,Didn't know what to create,8
USR00731,2024-11-05,5-20,Wish there was some guidance on what to create,Didn't know what to create,8
USR00732,2024-11-01,5-20,Show me what good looks like with samples,Needed examples or templates,7
USR00733,2024-11-12,5-20,Show me what good looks like with samples,Needed examples or templates,8
USR00734,2024-11-23,5-20,No idea what my first task should be,Didn't know what to create,5
USR00735,2024-11-25,100+,Just sat there confused about what to put in,Didn't know what to create,5
USR00736,2024-11-28,5-20,Unclear on the format for tasks,Unclear what tasks should look like,7
USR00737,2024-11-10,21-99,Just sat there confused about what to put in,Didn't know what to create,4
USR00738,2024-11-22,21-99,Expected some direction on where to start,Didn't know what to create,5
USR00739,2024-11-28,5-20,Show me what good looks like with samples,Needed examples or templates,8
USR00740,2024-11-26,100+,Would love to see templates for common use cases,Needed examples or templates,7
USR00741,2024-11-07,5-20,I signed up but stared at the empty project for 5 minutes not knowing what to do,Didn't know what to create,8
USR00742,2024-11-10,5-20,No idea what my first task should be,Didn't know what to create,7
USR00743,2024-11-29,5-20,"Too many options, didn't know where to start",Felt overwhelmed by blank canvas,5
USR00744,2024-11-23,100+,Show me what good looks like with samples,Needed examples or templates,6
USR00745,2024-11-26,100+,I signed up but stared at the empty project for 5 minutes not knowing what to do,Didn't know what to create,4
USR00746,2024-11-14,21-99,No idea what my first task should be,Didn't know what to create,4
USR00747,2024-11-08,21-99,The empty project was intimidating,Felt overwhelmed by blank canvas,7
USR00748,2024-11-14,5-20,Would love to see templates for common use cases,Needed examples or templates,5
USR00749,2024-11-17,5-20,Blank slate made me anxious,Felt overwhelmed by blank canvas,4
USR00750,2024-11-10,100+,Some examples would have been super helpful,Needed examples or templates,5
USR00751,2024-11-06,100+,I signed up but stared at the empty project for 5 minutes not knowing what to do,Didn't know what to create,4
USR00752,2024-11-17,5-20,Wish there were example tasks so I could see what a good task looks like,Needed examples or templates,7
USR00753,2024-11-24,100+,The empty project was intimidating,Felt overwhelmed by blank canvas,5
USR00754,2024-11-28,5-20,Just sat there confused about what to put in,Didn't know what to create,8
USR00755,2024-11-01,100+,Wish there was some guidance on what to create,Didn't know what to create,5
USR00756,2024-11-17,21-99,What makes a good task vs a bad one?,Unclear what tasks should look like,5
USR00757,2024-11-29,5-20,I signed up but stared at the empty project for 5 minutes not knowing what to do,Didn't know what to create,7
USR00758,2024-11-13,100+,Just sat there confused about what to put in,Didn't know what to create,5
USR00759,2024-11-28,21-99,Wish there were example tasks so I could see what a good task looks like,Needed examples or templates,5
USR00760,2024-11-30,21-99,Need guidance on task structure,Unclear what tasks should look like,8
USR00761,2024-11-07,5-20,The empty project was intimidating,Felt overwhelmed by blank canvas,7
USR00762,2024-11-03,21-99,"Too many options, didn't know where to start",Felt overwhelmed by blank canvas,8
USR00763,2024-11-17,5-20,I signed up but stared at the empty project for 5 minutes not knowing what to do,Didn't know what to create,6
USR00764,2024-11-21,21-99,Felt lost staring at an empty screen,Felt overwhelmed by blank canvas,7
USR00765,2024-11-04,5-20,No idea what my first task should be,Didn't know what to create,5
USR00766,2024-11-25,5-20,Blank slate made me anxious,Felt overwhelmed by blank canvas,7
USR00767,2024-11-19,100+,I signed up but stared at the empty project for 5 minutes not knowing what to do,Didn't know what to create,5
USR00768,2024-11-19,21-99,Expected some direction on where to start,Didn't know what to create,5
USR00769,2024-11-06,5-20,Overwhelmed by the lack of structure,Felt overwhelmed by blank canvas,8
USR00770,2024-11-03,5-20,The empty project was intimidating,Felt overwhelmed by blank canvas,8
USR00771,2024-11-19,100+,Just sat there confused about what to put in,Didn't know what to create,7
USR00772,2024-11-18,5-20,How much info should a task have?,Unclear what tasks should look like,7
USR00773,2024-11-20,5-20,I signed up but stared at the empty project for 5 minutes not knowing what to do,Didn't know what to create,6
USR00774,2024-11-25,5-20,"Too many options, didn't know where to start",Felt overwhelmed by blank canvas,6
USR00775,2024-11-24,21-99,Expected some direction on where to start,Didn't know what to create,6
USR00776,2024-11-08,5-20,"Too many options, didn't know where to start",Felt overwhelmed by blank canvas,6
USR00777,2024-11-02,21-99,Show me what good looks like with samples,Needed examples or templates,7
USR00778,2024-11-27,5-20,Need guidance on task structure,Unclear what tasks should look like,5
USR00779,2024-11-17,100+,No idea what my first task should be,Didn't know what to create,7
USR00780,2024-11-21,5-20,Expected some direction on where to start,Didn't know what to create,8
USR00781,2024-11-19,5-20,Overwhelmed by the lack of structure,Felt overwhelmed by blank canvas,6
USR00782,2024-11-24,5-20,I signed up but stared at the empty project for 5 minutes not knowing what to do,Didn't know what to create,8
USR00783,2024-11-14,21-99,Just sat there confused about what to put in,Didn't know what to create,5
USR00784,2024-11-27,5-20,Overwhelmed by the lack of structure,Felt overwhelmed by blank canvas,6
USR00785,2024-11-26,5-20,Unclear on the format for tasks,Unclear what tasks should look like,8
USR00786,2024-11-28,5-20,Expected some direction on where to start,Didn't know what to create,4
USR00787,2024-11-27,5-20,Would love to see templates for common use cases,Needed examples or templates,7
USR00788,2024-11-16,5-20,I signed up but stared at the empty project for 5 minutes not knowing what to do,Didn't know what to create,7
USR00789,2024-11-09,5-20,Would love to see templates for common use cases,Needed examples or templates,8
USR00790,2024-11-04,100+,Wish there was some guidance on what to create,Didn't know what to create,4
USR00791,2024-11-01,5-20,Just sat there confused about what to put in,Didn't know what to create,8
USR00792,2024-11-22,100+,Need guidance on task structure,Unclear what tasks should look like,7
USR00793,2024-11-11,100+,Felt lost staring at an empty screen,Felt overwhelmed by blank canvas,6
USR00794,2024-11-25,5-20,Some examples would have been super helpful,Needed examples or templates,4
USR00795,2024-11-15,5-20,Wish there were example tasks so I could see what a good task looks like,Needed examples or templates,6
USR00796,2024-11-28,100+,No idea what my first task should be,Didn't know what to create,4
USR00797,2024-11-18,5-20,Just sat there confused about what to put in,Didn't know what to create,8
USR00798,2024-11-20,5-20,Blank slate made me anxious,Felt overwhelmed by blank canvas,5
USR00799,2024-11-26,5-20,Unclear on the format for tasks,Unclear what tasks should look like,4
USR00800,2024-11-10,5-20,Wish there was some guidance on what to create,Didn't know what to create,4
