user_id,company_size,onboarding_rating,biggest_confusion,feature_request,would_recommend
survey_user_0001,5-20,2,Unclear what I should create first,Templates or examples,Yes
survey_user_0002,100+,3,Needed examples to get started,Sample projects or templates,No
survey_user_0003,5-20,4,Needed examples to get started,Sample projects or templates,Maybe
survey_user_0004,5-20,4,Stared at empty project not knowing what to do,Templates or examples,Maybe
survey_user_0005,21-99,4,Paralyzed by all the empty fields,Simpler onboarding,Maybe
survey_user_0006,21-99,2,Unclear what I should create first,Templates or examples,Maybe
survey_user_0007,5-20,3,Felt overwhelmed by the blank canvas,Simpler onboarding,Maybe
survey_user_0008,5-20,3,Expected it to work differently,Better help docs,Maybe
survey_user_0009,5-20,3,Would help to see what a good task looks like,Sample projects or templates,No
survey_user_0010,21-99,3,Needed examples to get started,Sample projects or templates,Yes
survey_user_0011,21-99,3,Interface wasn't intuitive,Better help docs,Maybe
survey_user_0012,5-20,3,Show me a sample project,Sample projects or templates,No
survey_user_0013,21-99,2,No idea what to put in the task,Templates or examples,Maybe
survey_user_0014,5-20,3,Stared at empty project not knowing what to do,Templates or examples,Yes
survey_user_0015,21-99,3,Examples would have been helpful,Sample projects or templates,Yes
survey_user_0016,5-20,4,Blank project was intimidating,Simpler onboarding,Yes
survey_user_0017,5-20,2,Navigation was confusing,Better help docs,Yes
survey_user_0018,5-20,2,"Too many options, didn't know where to start",Simpler onboarding,Maybe
survey_user_0019,21-99,2,Paralyzed by all the empty fields,Simpler onboarding,Maybe
survey_user_0020,5-20,3,Blank project was intimidating,Simpler onboarding,Yes
survey_user_0021,100+,4,Wasn't sure what kind of tasks to make,Templates or examples,Yes
survey_user_0022,100+,4,Needed examples to get started,Sample projects or templates,Maybe
survey_user_0023,5-20,2,Stared at empty project not knowing what to do,Templates or examples,No
survey_user_0024,5-20,3,No idea what to put in the task,Templates or examples,No
survey_user_0025,5-20,2,Unclear what I should create first,Templates or examples,Maybe
survey_user_0026,21-99,2,Couldn't find the features I needed,Better help docs,Maybe
survey_user_0027,21-99,2,Paralyzed by all the empty fields,Simpler onboarding,Maybe
survey_user_0028,21-99,4,Expected it to work differently,Better help docs,Maybe
survey_user_0029,21-99,3,Couldn't find the features I needed,Better help docs,Maybe
survey_user_0030,5-20,2,Wasn't sure what kind of tasks to make,Templates or examples,Yes
survey_user_0031,5-20,3,Would help to see what a good task looks like,Sample projects or templates,Maybe
survey_user_0032,21-99,3,Stared at empty project not knowing what to do,Templates or examples,Yes
survey_user_0033,5-20,2,Overwhelmed by all the customization options,Simpler onboarding,Maybe
survey_user_0034,100+,3,Paralyzed by all the empty fields,Simpler onboarding,Maybe
survey_user_0035,5-20,4,Overwhelmed by all the customization options,Simpler onboarding,Maybe
survey_user_0036,21-99,2,No idea what to put in the task,Templates or examples,No
survey_user_0037,5-20,3,Wasn't sure what kind of tasks to make,Templates or examples,Maybe
survey_user_0038,5-20,2,Blank project was intimidating,Simpler onboarding,Maybe
survey_user_0039,5-20,2,Too many clicks to do simple things,Better help docs,Maybe
survey_user_0040,21-99,4,Wasn't sure what kind of tasks to make,Templates or examples,Maybe
survey_user_0041,5-20,3,Show me a sample project,Sample projects or templates,No
survey_user_0042,21-99,4,I didn't know what to create,Templates or examples,Maybe
survey_user_0043,21-99,4,Interface wasn't intuitive,Better help docs,No
survey_user_0044,5-20,4,Would help to see what a good task looks like,Sample projects or templates,Maybe
survey_user_0045,5-20,3,Paralyzed by all the empty fields,Simpler onboarding,Yes
survey_user_0046,5-20,3,Unclear what I should create first,Templates or examples,Yes
survey_user_0047,5-20,3,Wasn't sure what kind of tasks to make,Templates or examples,Maybe
survey_user_0048,21-99,2,Interface wasn't intuitive,Better help docs,Maybe
survey_user_0049,5-20,3,Wasn't sure what kind of tasks to make,Templates or examples,No
survey_user_0050,5-20,2,I didn't know what to create,Templates or examples,Maybe
survey_user_0051,100+,2,Interface wasn't intuitive,Better help docs,Maybe
survey_user_0052,21-99,2,Too many clicks to do simple things,Better help docs,Maybe
survey_user_0053,5-20,3,Examples would have been helpful,Sample projects or templates,Yes
survey_user_0054,5-20,3,Overwhelmed by all the customization options,Simpler onboarding,Maybe
survey_user_0055,5-20,3,I didn't know what to create,Templates or examples,Yes
survey_user_0056,5-20,3,Paralyzed by all the empty fields,Simpler onboarding,No
survey_user_0057,21-99,4,Would help to see what a good task looks like,Sample projects or templates,Maybe
survey_user_0058,21-99,2,Examples would have been helpful,Sample projects or templates,Maybe
survey_user_0059,5-20,4,Unclear what I should create first,Templates or examples,Yes
survey_user_0060,21-99,4,Show me a sample project,Sample projects or templates,No
survey_user_0061,5-20,3,Stared at empty project not knowing what to do,Templates or examples,Maybe
survey_user_0062,21-99,3,No idea what to put in the task,Templates or examples,No
survey_user_0063,5-20,3,Stared at empty project not knowing what to do,Templates or examples,Yes
survey_user_0064,5-20,3,"Too many options, didn't know where to start",Simpler onboarding,Maybe
survey_user_0065,5-20,4,Too many clicks to do simple things,Better help docs,Maybe
survey_user_0066,5-20,4,Examples would have been helpful,Sample projects or templates,Maybe
survey_user_0067,5-20,4,Stared at empty project not knowing what to do,Templates or examples,No
survey_user_0068,100+,4,Felt overwhelmed by the blank canvas,Simpler onboarding,Yes
survey_user_0069,5-20,4,Show me a sample project,Sample projects or templates,Maybe
survey_user_0070,21-99,4,"Too many options, didn't know where to start",Simpler onboarding,Yes
survey_user_0071,5-20,4,Needed examples to get started,Sample projects or templates,No
survey_user_0072,5-20,2,Examples would have been helpful,Sample projects or templates,Yes
survey_user_0073,21-99,3,Show me a sample project,Sample projects or templates,No
survey_user_0074,21-99,3,Overwhelmed by all the customization options,Simpler onboarding,Yes
survey_user_0075,5-20,3,Wasn't sure what kind of tasks to make,Templates or examples,Maybe
survey_user_0076,5-20,4,Would help to see what a good task looks like,Sample projects or templates,Yes
survey_user_0077,5-20,3,No idea what to put in the task,Templates or examples,Maybe
survey_user_0078,100+,4,Too many clicks to do simple things,Better help docs,Maybe
survey_user_0079,21-99,3,Paralyzed by all the empty fields,Simpler onboarding,Maybe
survey_user_0080,5-20,3,Show me a sample project,Sample projects or templates,Yes
survey_user_0081,21-99,3,Couldn't find the features I needed,Better help docs,No
survey_user_0082,5-20,3,Would help to see what a good task looks like,Sample projects or templates,Maybe
survey_user_0083,21-99,3,No idea what to put in the task,Templates or examples,Maybe
survey_user_0084,5-20,2,Show me a sample project,Sample projects or templates,Maybe
survey_user_0085,5-20,4,"Too many options, didn't know where to start",Simpler onboarding,Maybe
survey_user_0086,5-20,2,Unclear what I should create first,Templates or examples,Maybe
survey_user_0087,5-20,3,Wish there were templates or samples,Sample projects or templates,Yes
survey_user_0088,5-20,3,Stared at empty project not knowing what to do,Templates or examples,Maybe
survey_user_0089,21-99,4,Navigation was confusing,Better help docs,Maybe
survey_user_0090,5-20,2,Needed examples to get started,Sample projects or templates,Yes
survey_user_0091,21-99,3,I didn't know what to create,Templates or examples,Yes
survey_user_0092,5-20,2,Would help to see what a good task looks like,Sample projects or templates,No
survey_user_0093,5-20,3,Would help to see what a good task looks like,Sample projects or templates,Yes
survey_user_0094,100+,2,Paralyzed by all the empty fields,Simpler onboarding,Yes
survey_user_0095,5-20,2,Blank project was intimidating,Simpler onboarding,Yes
survey_user_0096,21-99,4,Navigation was confusing,Better help docs,Maybe
survey_user_0097,21-99,2,"Too many options, didn't know where to start",Simpler onboarding,Yes
survey_user_0098,21-99,3,Felt overwhelmed by the blank canvas,Simpler onboarding,No
survey_user_0099,5-20,2,Stared at empty project not knowing what to do,Templates or examples,No
survey_user_0100,5-20,3,Stared at empty project not knowing what to do,Templates or examples,Maybe
survey_user_0101,5-20,4,Would help to see what a good task looks like,Sample projects or templates,Maybe
survey_user_0102,21-99,3,I didn't know what to create,Templates or examples,Maybe
survey_user_0103,5-20,4,Would help to see what a good task looks like,Sample projects or templates,No
survey_user_0104,21-99,4,Too many clicks to do simple things,Better help docs,Maybe
survey_user_0105,5-20,3,Wasn't sure what kind of tasks to make,Templates or examples,Maybe
survey_user_0106,5-20,4,Examples would have been helpful,Sample projects or templates,Maybe
survey_user_0107,21-99,2,Overwhelmed by all the customization options,Simpler onboarding,Yes
survey_user_0108,5-20,2,No idea what to put in the task,Templates or examples,No
survey_user_0109,21-99,4,Couldn't find the features I needed,Better help docs,Maybe
survey_user_0110,5-20,2,Paralyzed by all the empty fields,Simpler onboarding,Maybe
survey_user_0111,21-99,3,Overwhelmed by all the customization options,Simpler onboarding,No
survey_user_0112,5-20,4,Examples would have been helpful,Sample projects or templates,No
survey_user_0113,5-20,4,Would help to see what a good task looks like,Sample projects or templates,No
survey_user_0114,5-20,4,"Too many options, didn't know where to start",Simpler onboarding,No
survey_user_0115,5-20,4,I didn't know what to create,Templates or examples,No
survey_user_0116,100+,2,Unclear what I should create first,Templates or examples,Maybe
survey_user_0117,5-20,3,Paralyzed by all the empty fields,Simpler onboarding,Yes
survey_user_0118,5-20,3,Paralyzed by all the empty fields,Simpler onboarding,No
survey_user_0119,21-99,2,Overwhelmed by all the customization options,Simpler onboarding,Maybe
survey_user_0120,5-20,4,Interface wasn't intuitive,Better help docs,Maybe
survey_user_0121,21-99,2,I didn't know what to create,Templates or examples,Maybe
survey_user_0122,5-20,4,Examples would have been helpful,Sample projects or templates,Yes
survey_user_0123,21-99,2,Stared at empty project not knowing what to do,Templates or examples,Maybe
survey_user_0124,5-20,2,Felt overwhelmed by the blank canvas,Simpler onboarding,Yes
survey_user_0125,21-99,2,Navigation was confusing,Better help docs,Maybe
survey_user_0126,5-20,4,Examples would have been helpful,Sample projects or templates,No
survey_user_0127,5-20,2,Unclear what I should create first,Templates or examples,Maybe
survey_user_0128,21-99,4,Couldn't find the features I needed,Better help docs,Maybe
survey_user_0129,5-20,3,Overwhelmed by all the customization options,Simpler onboarding,Maybe
survey_user_0130,5-20,2,Overwhelmed by all the customization options,Simpler onboarding,Yes
survey_user_0131,5-20,4,No idea what to put in the task,Templates or examples,Maybe
survey_user_0132,21-99,2,Examples would have been helpful,Sample projects or templates,Maybe
survey_user_0133,100+,3,Overwhelmed by all the customization options,Simpler onboarding,Yes
survey_user_0134,5-20,4,Wasn't sure what kind of tasks to make,Templates or examples,Yes
survey_user_0135,5-20,3,Wasn't sure what kind of tasks to make,Templates or examples,No
survey_user_0136,5-20,4,Expected it to work differently,Better help docs,Maybe
survey_user_0137,5-20,4,Stared at empty project not knowing what to do,Templates or examples,No
survey_user_0138,100+,4,Navigation was confusing,Better help docs,Maybe
survey_user_0139,5-20,4,No idea what to put in the task,Templates or examples,No
survey_user_0140,21-99,4,No idea what to put in the task,Templates or examples,Maybe
survey_user_0141,5-20,3,Blank project was intimidating,Simpler onboarding,No
survey_user_0142,5-20,4,I didn't know what to create,Templates or examples,Yes
survey_user_0143,100+,3,"Too many options, didn't know where to start",Simpler onboarding,Maybe
survey_user_0144,5-20,3,Paralyzed by all the empty fields,Simpler onboarding,Maybe
survey_user_0145,5-20,3,Unclear what I should create first,Templates or examples,No
survey_user_0146,21-99,2,Too many clicks to do simple things,Better help docs,Maybe
survey_user_0147,5-20,4,Wasn't sure what kind of tasks to make,Templates or examples,Maybe
survey_user_0148,5-20,4,Show me a sample project,Sample projects or templates,Yes
survey_user_0149,5-20,3,Wasn't sure what kind of tasks to make,Templates or examples,Maybe
survey_user_0150,5-20,3,Would help to see what a good task looks like,Sample projects or templates,Yes
survey_user_0151,100+,3,Paralyzed by all the empty fields,Simpler onboarding,Maybe
survey_user_0152,21-99,4,Wish there were templates or samples,Sample projects or templates,Yes
survey_user_0153,5-20,4,Felt overwhelmed by the blank canvas,Simpler onboarding,No
survey_user_0154,21-99,2,I didn't know what to create,Templates or examples,Yes
survey_user_0155,5-20,4,Needed examples to get started,Sample projects or templates,Maybe
survey_user_0156,5-20,2,Would help to see what a good task looks like,Sample projects or templates,Yes
survey_user_0157,21-99,4,No idea what to put in the task,Templates or examples,Yes
survey_user_0158,5-20,4,Would help to see what a good task looks like,Sample projects or templates,Maybe
survey_user_0159,5-20,2,Paralyzed by all the empty fields,Simpler onboarding,No
survey_user_0160,100+,2,"Too many options, didn't know where to start",Simpler onboarding,Maybe
survey_user_0161,21-99,2,Examples would have been helpful,Sample projects or templates,Maybe
survey_user_0162,100+,4,"Too many options, didn't know where to start",Simpler onboarding,Maybe
survey_user_0163,5-20,4,Felt overwhelmed by the blank canvas,Simpler onboarding,No
survey_user_0164,5-20,3,No idea what to put in the task,Templates or examples,No
survey_user_0165,21-99,3,Navigation was confusing,Better help docs,Yes
survey_user_0166,21-99,4,Needed examples to get started,Sample projects or templates,No
survey_user_0167,5-20,3,Overwhelmed by all the customization options,Simpler onboarding,Maybe
survey_user_0168,5-20,4,Stared at empty project not knowing what to do,Templates or examples,No
survey_user_0169,5-20,2,Felt overwhelmed by the blank canvas,Simpler onboarding,Maybe
survey_user_0170,21-99,2,Interface wasn't intuitive,Better help docs,Maybe
survey_user_0171,5-20,4,Unclear what I should create first,Templates or examples,Maybe
survey_user_0172,5-20,4,Needed examples to get started,Sample projects or templates,Maybe
survey_user_0173,5-20,3,Needed examples to get started,Sample projects or templates,Yes
survey_user_0174,100+,3,Would help to see what a good task looks like,Sample projects or templates,Yes
survey_user_0175,5-20,3,Examples would have been helpful,Sample projects or templates,Maybe
survey_user_0176,21-99,4,Felt overwhelmed by the blank canvas,Simpler onboarding,Maybe
survey_user_0177,21-99,3,Navigation was confusing,Better help docs,Maybe
survey_user_0178,5-20,4,"Too many options, didn't know where to start",Simpler onboarding,Yes
survey_user_0179,5-20,3,I didn't know what to create,Templates or examples,Yes
survey_user_0180,5-20,2,Wasn't sure what kind of tasks to make,Templates or examples,Maybe
survey_user_0181,5-20,3,Show me a sample project,Sample projects or templates,No
survey_user_0182,5-20,4,I didn't know what to create,Templates or examples,Maybe
survey_user_0183,21-99,3,Unclear what I should create first,Templates or examples,No
survey_user_0184,21-99,4,"Too many options, didn't know where to start",Simpler onboarding,Maybe
survey_user_0185,21-99,3,Stared at empty project not knowing what to do,Templates or examples,Maybe
survey_user_0186,5-20,3,Unclear what I should create first,Templates or examples,Yes
survey_user_0187,5-20,3,Blank project was intimidating,Simpler onboarding,Maybe
survey_user_0188,21-99,2,Overwhelmed by all the customization options,Simpler onboarding,Yes
survey_user_0189,5-20,3,Unclear what I should create first,Templates or examples,Yes
survey_user_0190,21-99,3,Would help to see what a good task looks like,Sample projects or templates,Maybe
survey_user_0191,5-20,3,Wish there were templates or samples,Sample projects or templates,Maybe
survey_user_0192,5-20,3,Stared at empty project not knowing what to do,Templates or examples,Yes
survey_user_0193,100+,3,Too many clicks to do simple things,Better help docs,Maybe
survey_user_0194,21-99,4,Needed examples to get started,Sample projects or templates,Maybe
survey_user_0195,5-20,2,Show me a sample project,Sample projects or templates,Yes
survey_user_0196,100+,4,Stared at empty project not knowing what to do,Templates or examples,No
survey_user_0197,21-99,4,Interface wasn't intuitive,Better help docs,Yes
survey_user_0198,5-20,4,Stared at empty project not knowing what to do,Templates or examples,Maybe
survey_user_0199,21-99,3,Navigation was confusing,Better help docs,Yes
survey_user_0200,5-20,4,Examples would have been helpful,Sample projects or templates,No
survey_user_0201,21-99,4,Show me a sample project,Sample projects or templates,No
survey_user_0202,5-20,2,Stared at empty project not knowing what to do,Templates or examples,No
survey_user_0203,5-20,3,Examples would have been helpful,Sample projects or templates,Yes
survey_user_0204,5-20,4,Wasn't sure what kind of tasks to make,Templates or examples,Maybe
survey_user_0205,5-20,4,No idea what to put in the task,Templates or examples,Maybe
survey_user_0206,5-20,3,I didn't know what to create,Templates or examples,Yes
survey_user_0207,100+,3,Wasn't sure what kind of tasks to make,Templates or examples,Maybe
survey_user_0208,5-20,3,Overwhelmed by all the customization options,Simpler onboarding,Maybe
survey_user_0209,5-20,3,Examples would have been helpful,Sample projects or templates,No
survey_user_0210,5-20,2,Felt overwhelmed by the blank canvas,Simpler onboarding,Maybe
survey_user_0211,21-99,4,"Too many options, didn't know where to start",Simpler onboarding,Maybe
survey_user_0212,5-20,4,Would help to see what a good task looks like,Sample projects or templates,Yes
survey_user_0213,100+,4,Unclear what I should create first,Templates or examples,Maybe
survey_user_0214,5-20,2,Examples would have been helpful,Sample projects or templates,Maybe
survey_user_0215,5-20,4,Needed examples to get started,Sample projects or templates,Maybe
survey_user_0216,5-20,4,Felt overwhelmed by the blank canvas,Simpler onboarding,No
survey_user_0217,21-99,3,Blank project was intimidating,Simpler onboarding,Maybe
survey_user_0218,5-20,4,Unclear what I should create first,Templates or examples,Maybe
survey_user_0219,5-20,2,Show me a sample project,Sample projects or templates,Maybe
survey_user_0220,5-20,4,Wish there were templates or samples,Sample projects or templates,Maybe
survey_user_0221,100+,3,"Too many options, didn't know where to start",Simpler onboarding,No
survey_user_0222,5-20,4,Stared at empty project not knowing what to do,Templates or examples,Maybe
survey_user_0223,5-20,4,Wasn't sure what kind of tasks to make,Templates or examples,Yes
survey_user_0224,5-20,4,Show me a sample project,Sample projects or templates,Maybe
survey_user_0225,5-20,2,Wish there were templates or samples,Sample projects or templates,Maybe
survey_user_0226,21-99,2,Blank project was intimidating,Simpler onboarding,Yes
survey_user_0227,5-20,4,Overwhelmed by all the customization options,Simpler onboarding,Yes
survey_user_0228,5-20,3,Examples would have been helpful,Sample projects or templates,Maybe
survey_user_0229,5-20,3,Wasn't sure what kind of tasks to make,Templates or examples,No
survey_user_0230,5-20,3,Wish there were templates or samples,Sample projects or templates,Yes
survey_user_0231,5-20,3,I didn't know what to create,Templates or examples,Maybe
survey_user_0232,5-20,4,Paralyzed by all the empty fields,Simpler onboarding,Maybe
survey_user_0233,100+,3,Wasn't sure what kind of tasks to make,Templates or examples,No
survey_user_0234,5-20,3,I didn't know what to create,Templates or examples,No
survey_user_0235,21-99,4,No idea what to put in the task,Templates or examples,Maybe
survey_user_0236,21-99,2,Paralyzed by all the empty fields,Simpler onboarding,Maybe
survey_user_0237,21-99,4,Navigation was confusing,Better help docs,Maybe
survey_user_0238,5-20,3,Wish there were templates or samples,Sample projects or templates,Maybe
survey_user_0239,5-20,4,No idea what to put in the task,Templates or examples,No
survey_user_0240,5-20,2,Paralyzed by all the empty fields,Simpler onboarding,Maybe
survey_user_0241,21-99,2,Wasn't sure what kind of tasks to make,Templates or examples,Maybe
survey_user_0242,21-99,3,Interface wasn't intuitive,Better help docs,Maybe
survey_user_0243,5-20,3,Unclear what I should create first,Templates or examples,Yes
survey_user_0244,5-20,3,Felt overwhelmed by the blank canvas,Simpler onboarding,Maybe
survey_user_0245,21-99,3,Interface wasn't intuitive,Better help docs,Maybe
survey_user_0246,5-20,4,Felt overwhelmed by the blank canvas,Simpler onboarding,Yes
survey_user_0247,21-99,4,Felt overwhelmed by the blank canvas,Simpler onboarding,Yes
survey_user_0248,5-20,3,Wish there were templates or samples,Sample projects or templates,Maybe
survey_user_0249,5-20,4,No idea what to put in the task,Templates or examples,Maybe
survey_user_0250,5-20,4,Would help to see what a good task looks like,Sample projects or templates,No
survey_user_0251,5-20,2,Examples would have been helpful,Sample projects or templates,No
survey_user_0252,100+,2,Unclear what I should create first,Templates or examples,Yes
survey_user_0253,5-20,4,Wish there were templates or samples,Sample projects or templates,Maybe
survey_user_0254,5-20,2,Blank project was intimidating,Simpler onboarding,Maybe
survey_user_0255,5-20,2,Wasn't sure what kind of tasks to make,Templates or examples,Yes
survey_user_0256,21-99,3,Couldn't find the features I needed,Better help docs,No
survey_user_0257,21-99,2,Unclear what I should create first,Templates or examples,Maybe
survey_user_0258,5-20,2,Examples would have been helpful,Sample projects or templates,No
survey_user_0259,21-99,4,Interface wasn't intuitive,Better help docs,Maybe
survey_user_0260,5-20,4,I didn't know what to create,Templates or examples,No
survey_user_0261,5-20,2,Stared at empty project not knowing what to do,Templates or examples,Yes
survey_user_0262,21-99,4,Couldn't find the features I needed,Better help docs,Maybe
survey_user_0263,5-20,4,Show me a sample project,Sample projects or templates,Maybe
survey_user_0264,5-20,3,Wish there were templates or samples,Sample projects or templates,Yes
survey_user_0265,21-99,2,I didn't know what to create,Templates or examples,No
survey_user_0266,5-20,3,Unclear what I should create first,Templates or examples,Maybe
survey_user_0267,5-20,4,Wish there were templates or samples,Sample projects or templates,Maybe
survey_user_0268,21-99,2,Blank project was intimidating,Simpler onboarding,Maybe
survey_user_0269,21-99,2,Needed examples to get started,Sample projects or templates,Yes
survey_user_0270,5-20,2,No idea what to put in the task,Templates or examples,No
survey_user_0271,100+,3,Couldn't find the features I needed,Better help docs,Yes
survey_user_0272,5-20,2,Examples would have been helpful,Sample projects or templates,No
survey_user_0273,5-20,2,Wasn't sure what kind of tasks to make,Templates or examples,No
survey_user_0274,100+,4,Would help to see what a good task looks like,Sample projects or templates,Yes
survey_user_0275,5-20,4,No idea what to put in the task,Templates or examples,Maybe
survey_user_0276,5-20,2,No idea what to put in the task,Templates or examples,Maybe
survey_user_0277,5-20,3,I didn't know what to create,Templates or examples,Yes
survey_user_0278,21-99,2,Navigation was confusing,Better help docs,No
survey_user_0279,100+,4,No idea what to put in the task,Templates or examples,No
survey_user_0280,5-20,2,Wish there were templates or samples,Sample projects or templates,No
survey_user_0281,21-99,3,Couldn't find the features I needed,Better help docs,Maybe
survey_user_0282,5-20,2,Blank project was intimidating,Simpler onboarding,Maybe
survey_user_0283,5-20,4,Blank project was intimidating,Simpler onboarding,No
survey_user_0284,21-99,3,Unclear what I should create first,Templates or examples,No
survey_user_0285,5-20,3,Navigation was confusing,Better help docs,Yes
survey_user_0286,5-20,2,No idea what to put in the task,Templates or examples,Maybe
survey_user_0287,5-20,4,Overwhelmed by all the customization options,Simpler onboarding,No
survey_user_0288,5-20,2,Needed examples to get started,Sample projects or templates,Maybe
survey_user_0289,5-20,2,Wasn't sure what kind of tasks to make,Templates or examples,No
survey_user_0290,5-20,2,Paralyzed by all the empty fields,Simpler onboarding,Maybe
survey_user_0291,5-20,3,Blank project was intimidating,Simpler onboarding,No
survey_user_0292,5-20,2,I didn't know what to create,Templates or examples,Maybe
survey_user_0293,21-99,2,Interface wasn't intuitive,Better help docs,Yes
survey_user_0294,21-99,3,Too many clicks to do simple things,Better help docs,No
survey_user_0295,5-20,3,Wasn't sure what kind of tasks to make,Templates or examples,Maybe
survey_user_0296,21-99,4,Stared at empty project not knowing what to do,Templates or examples,Yes
survey_user_0297,100+,2,Expected it to work differently,Better help docs,Maybe
survey_user_0298,5-20,4,Wasn't sure what kind of tasks to make,Templates or examples,Maybe
survey_user_0299,21-99,3,Felt overwhelmed by the blank canvas,Simpler onboarding,No
survey_user_0300,21-99,2,Would help to see what a good task looks like,Sample projects or templates,Maybe
survey_user_0301,5-20,2,Unclear what I should create first,Templates or examples,Maybe
survey_user_0302,21-99,4,Wasn't sure what kind of tasks to make,Templates or examples,Yes
survey_user_0303,21-99,4,Needed examples to get started,Sample projects or templates,No
survey_user_0304,5-20,2,Examples would have been helpful,Sample projects or templates,No
survey_user_0305,5-20,3,Couldn't find the features I needed,Better help docs,Maybe
survey_user_0306,21-99,4,Interface wasn't intuitive,Better help docs,Maybe
survey_user_0307,5-20,2,I didn't know what to create,Templates or examples,Maybe
survey_user_0308,21-99,2,"Too many options, didn't know where to start",Simpler onboarding,Maybe
survey_user_0309,5-20,4,I didn't know what to create,Templates or examples,Maybe
survey_user_0310,100+,3,Stared at empty project not knowing what to do,Templates or examples,Maybe
survey_user_0311,21-99,4,Stared at empty project not knowing what to do,Templates or examples,No
survey_user_0312,5-20,2,"Too many options, didn't know where to start",Simpler onboarding,Maybe
survey_user_0313,100+,4,Needed examples to get started,Sample projects or templates,Maybe
survey_user_0314,5-20,3,Navigation was confusing,Better help docs,Yes
survey_user_0315,5-20,3,Needed examples to get started,Sample projects or templates,No
survey_user_0316,21-99,2,I didn't know what to create,Templates or examples,Maybe
survey_user_0317,5-20,4,Blank project was intimidating,Simpler onboarding,No
survey_user_0318,5-20,2,I didn't know what to create,Templates or examples,No
survey_user_0319,5-20,2,Wish there were templates or samples,Sample projects or templates,Maybe
survey_user_0320,5-20,2,Felt overwhelmed by the blank canvas,Simpler onboarding,Yes
survey_user_0321,21-99,3,Needed examples to get started,Sample projects or templates,Yes
survey_user_0322,5-20,3,Wasn't sure what kind of tasks to make,Templates or examples,Maybe
survey_user_0323,5-20,4,No idea what to put in the task,Templates or examples,Maybe
survey_user_0324,21-99,3,Overwhelmed by all the customization options,Simpler onboarding,No
survey_user_0325,5-20,2,Unclear what I should create first,Templates or examples,Maybe
survey_user_0326,21-99,3,Navigation was confusing,Better help docs,Maybe
survey_user_0327,5-20,4,Blank project was intimidating,Simpler onboarding,Maybe
survey_user_0328,5-20,4,Stared at empty project not knowing what to do,Templates or examples,Maybe
survey_user_0329,5-20,2,Blank project was intimidating,Simpler onboarding,Yes
survey_user_0330,5-20,2,"Too many options, didn't know where to start",Simpler onboarding,No
survey_user_0331,5-20,4,No idea what to put in the task,Templates or examples,No
survey_user_0332,21-99,3,Expected it to work differently,Better help docs,Maybe
survey_user_0333,100+,2,Couldn't find the features I needed,Better help docs,Maybe
survey_user_0334,5-20,4,Blank project was intimidating,Simpler onboarding,No
survey_user_0335,21-99,4,Show me a sample project,Sample projects or templates,Maybe
survey_user_0336,5-20,4,Unclear what I should create first,Templates or examples,Maybe
survey_user_0337,5-20,2,I didn't know what to create,Templates or examples,Maybe
survey_user_0338,5-20,4,Would help to see what a good task looks like,Sample projects or templates,Maybe
survey_user_0339,21-99,3,Wish there were templates or samples,Sample projects or templates,No
survey_user_0340,5-20,2,Wish there were templates or samples,Sample projects or templates,Maybe
survey_user_0341,100+,4,Examples would have been helpful,Sample projects or templates,No
survey_user_0342,5-20,4,Wasn't sure what kind of tasks to make,Templates or examples,Yes
survey_user_0343,21-99,2,Too many clicks to do simple things,Better help docs,Maybe
survey_user_0344,5-20,3,Wish there were templates or samples,Sample projects or templates,Maybe
survey_user_0345,21-99,4,Wish there were templates or samples,Sample projects or templates,No
survey_user_0346,100+,4,Interface wasn't intuitive,Better help docs,No
survey_user_0347,5-20,2,No idea what to put in the task,Templates or examples,No
survey_user_0348,100+,2,I didn't know what to create,Templates or examples,Maybe
survey_user_0349,100+,4,I didn't know what to create,Templates or examples,Maybe
survey_user_0350,5-20,4,Wasn't sure what kind of tasks to make,Templates or examples,No
survey_user_0351,5-20,2,Felt overwhelmed by the blank canvas,Simpler onboarding,Yes
survey_user_0352,5-20,3,Wasn't sure what kind of tasks to make,Templates or examples,Yes
survey_user_0353,21-99,2,Examples would have been helpful,Sample projects or templates,Yes
survey_user_0354,21-99,2,"Too many options, didn't know where to start",Simpler onboarding,Yes
survey_user_0355,5-20,2,Blank project was intimidating,Simpler onboarding,Maybe
survey_user_0356,5-20,2,Stared at empty project not knowing what to do,Templates or examples,Yes
survey_user_0357,5-20,3,I didn't know what to create,Templates or examples,Yes
survey_user_0358,21-99,4,Wish there were templates or samples,Sample projects or templates,Yes
survey_user_0359,5-20,2,Wasn't sure what kind of tasks to make,Templates or examples,Yes
survey_user_0360,21-99,3,Expected it to work differently,Better help docs,Maybe
survey_user_0361,5-20,4,Unclear what I should create first,Templates or examples,Yes
survey_user_0362,5-20,2,Unclear what I should create first,Templates or examples,Maybe
survey_user_0363,21-99,2,Paralyzed by all the empty fields,Simpler onboarding,No
survey_user_0364,5-20,2,Stared at empty project not knowing what to do,Templates or examples,Yes
survey_user_0365,21-99,3,Examples would have been helpful,Sample projects or templates,Yes
survey_user_0366,21-99,3,Show me a sample project,Sample projects or templates,Maybe
survey_user_0367,5-20,3,Wasn't sure what kind of tasks to make,Templates or examples,No
survey_user_0368,5-20,3,Wish there were templates or samples,Sample projects or templates,No
survey_user_0369,5-20,2,Needed examples to get started,Sample projects or templates,Maybe
survey_user_0370,21-99,2,Show me a sample project,Sample projects or templates,No
survey_user_0371,21-99,4,Interface wasn't intuitive,Better help docs,Yes
survey_user_0372,5-20,2,Stared at empty project not knowing what to do,Templates or examples,Yes
survey_user_0373,100+,4,Expected it to work differently,Better help docs,Maybe
survey_user_0374,5-20,2,"Too many options, didn't know where to start",Simpler onboarding,Maybe
survey_user_0375,21-99,2,Unclear what I should create first,Templates or examples,Yes
survey_user_0376,5-20,4,"Too many options, didn't know where to start",Simpler onboarding,Maybe
survey_user_0377,5-20,2,Needed examples to get started,Sample projects or templates,Yes
survey_user_0378,5-20,4,Would help to see what a good task looks like,Sample projects or templates,Yes
survey_user_0379,100+,4,No idea what to put in the task,Templates or examples,Yes
survey_user_0380,5-20,4,No idea what to put in the task,Templates or examples,No
survey_user_0381,100+,3,Felt overwhelmed by the blank canvas,Simpler onboarding,Maybe
survey_user_0382,21-99,4,Examples would have been helpful,Sample projects or templates,Yes
survey_user_0383,5-20,4,Wasn't sure what kind of tasks to make,Templates or examples,Yes
survey_user_0384,5-20,4,Blank project was intimidating,Simpler onboarding,Maybe
survey_user_0385,5-20,3,Would help to see what a good task looks like,Sample projects or templates,No
survey_user_0386,5-20,3,Blank project was intimidating,Simpler onboarding,Yes
survey_user_0387,21-99,2,"Too many options, didn't know where to start",Simpler onboarding,Maybe
survey_user_0388,100+,3,Would help to see what a good task looks like,Sample projects or templates,Yes
survey_user_0389,21-99,2,Unclear what I should create first,Templates or examples,Yes
survey_user_0390,21-99,2,Too many clicks to do simple things,Better help docs,Maybe
survey_user_0391,5-20,2,Examples would have been helpful,Sample projects or templates,No
survey_user_0392,5-20,2,"Too many options, didn't know where to start",Simpler onboarding,Maybe
survey_user_0393,5-20,4,Stared at empty project not knowing what to do,Templates or examples,Maybe
survey_user_0394,5-20,3,Overwhelmed by all the customization options,Simpler onboarding,No
survey_user_0395,21-99,4,Unclear what I should create first,Templates or examples,Yes
survey_user_0396,5-20,4,Overwhelmed by all the customization options,Simpler onboarding,Maybe
survey_user_0397,5-20,4,Blank project was intimidating,Simpler onboarding,No
survey_user_0398,5-20,4,Wasn't sure what kind of tasks to make,Templates or examples,Maybe
survey_user_0399,21-99,3,"Too many options, didn't know where to start",Simpler onboarding,Yes
survey_user_0400,5-20,3,Felt overwhelmed by the blank canvas,Simpler onboarding,Maybe
survey_user_0401,21-99,2,Felt overwhelmed by the blank canvas,Simpler onboarding,Maybe
survey_user_0402,21-99,3,Too many clicks to do simple things,Better help docs,Yes
survey_user_0403,21-99,3,"Too many options, didn't know where to start",Simpler onboarding,Maybe
survey_user_0404,21-99,4,Interface wasn't intuitive,Better help docs,No
survey_user_0405,5-20,4,Too many clicks to do simple things,Better help docs,Maybe
survey_user_0406,5-20,3,I didn't know what to create,Templates or examples,Maybe
survey_user_0407,21-99,4,Too many clicks to do simple things,Better help docs,Maybe
survey_user_0408,5-20,2,Wish there were templates or samples,Sample projects or templates,Yes
survey_user_0409,21-99,4,Felt overwhelmed by the blank canvas,Simpler onboarding,Yes
survey_user_0410,100+,3,Examples would have been helpful,Sample projects or templates,Yes
survey_user_0411,21-99,2,Overwhelmed by all the customization options,Simpler onboarding,Maybe
survey_user_0412,21-99,4,No idea what to put in the task,Templates or examples,Yes
survey_user_0413,100+,3,Overwhelmed by all the customization options,Simpler onboarding,Maybe
survey_user_0414,21-99,3,Couldn't find the features I needed,Better help docs,No
survey_user_0415,5-20,2,Show me a sample project,Sample projects or templates,Maybe
survey_user_0416,21-99,4,Wasn't sure what kind of tasks to make,Templates or examples,Maybe
survey_user_0417,5-20,3,Blank project was intimidating,Simpler onboarding,Maybe
survey_user_0418,5-20,4,I didn't know what to create,Templates or examples,No
survey_user_0419,5-20,4,I didn't know what to create,Templates or examples,Yes
survey_user_0420,5-20,2,Wasn't sure what kind of tasks to make,Templates or examples,Maybe
survey_user_0421,5-20,2,Interface wasn't intuitive,Better help docs,Maybe
survey_user_0422,21-99,3,I didn't know what to create,Templates or examples,Maybe
survey_user_0423,21-99,2,I didn't know what to create,Templates or examples,Yes
survey_user_0424,5-20,4,"Too many options, didn't know where to start",Simpler onboarding,Maybe
survey_user_0425,5-20,2,Felt overwhelmed by the blank canvas,Simpler onboarding,Yes
survey_user_0426,21-99,3,Examples would have been helpful,Sample projects or templates,No
survey_user_0427,5-20,2,Stared at empty project not knowing what to do,Templates or examples,Maybe
survey_user_0428,21-99,4,Felt overwhelmed by the blank canvas,Simpler onboarding,No
survey_user_0429,21-99,3,Stared at empty project not knowing what to do,Templates or examples,Maybe
survey_user_0430,5-20,2,Would help to see what a good task looks like,Sample projects or templates,No
survey_user_0431,21-99,3,Would help to see what a good task looks like,Sample projects or templates,Maybe
survey_user_0432,5-20,3,Wish there were templates or samples,Sample projects or templates,Yes
survey_user_0433,5-20,2,Unclear what I should create first,Templates or examples,Maybe
survey_user_0434,5-20,4,Couldn't find the features I needed,Better help docs,No
survey_user_0435,5-20,4,Stared at empty project not knowing what to do,Templates or examples,No
survey_user_0436,5-20,4,Show me a sample project,Sample projects or templates,No
survey_user_0437,5-20,4,I didn't know what to create,Templates or examples,No
survey_user_0438,5-20,3,Unclear what I should create first,Templates or examples,No
survey_user_0439,5-20,2,Wish there were templates or samples,Sample projects or templates,No
survey_user_0440,5-20,3,Show me a sample project,Sample projects or templates,Maybe
survey_user_0441,5-20,4,Overwhelmed by all the customization options,Simpler onboarding,No
survey_user_0442,5-20,2,Paralyzed by all the empty fields,Simpler onboarding,Maybe
survey_user_0443,21-99,3,Couldn't find the features I needed,Better help docs,Yes
survey_user_0444,5-20,2,Unclear what I should create first,Templates or examples,Yes
survey_user_0445,5-20,2,I didn't know what to create,Templates or examples,Yes
survey_user_0446,5-20,2,No idea what to put in the task,Templates or examples,No
survey_user_0447,100+,3,Paralyzed by all the empty fields,Simpler onboarding,Maybe
survey_user_0448,5-20,2,Wasn't sure what kind of tasks to make,Templates or examples,Maybe
survey_user_0449,5-20,4,Examples would have been helpful,Sample projects or templates,No
survey_user_0450,5-20,2,Felt overwhelmed by the blank canvas,Simpler onboarding,Maybe
survey_user_0451,21-99,3,Stared at empty project not knowing what to do,Templates or examples,Maybe
survey_user_0452,21-99,2,Stared at empty project not knowing what to do,Templates or examples,No
survey_user_0453,5-20,3,Too many clicks to do simple things,Better help docs,Yes
survey_user_0454,21-99,2,"Too many options, didn't know where to start",Simpler onboarding,Maybe
survey_user_0455,21-99,2,Wasn't sure what kind of tasks to make,Templates or examples,Yes
survey_user_0456,100+,4,Overwhelmed by all the customization options,Simpler onboarding,Yes
survey_user_0457,5-20,4,Stared at empty project not knowing what to do,Templates or examples,No
survey_user_0458,21-99,3,Couldn't find the features I needed,Better help docs,Yes
survey_user_0459,5-20,2,I didn't know what to create,Templates or examples,Maybe
survey_user_0460,21-99,4,No idea what to put in the task,Templates or examples,Maybe
survey_user_0461,100+,4,Blank project was intimidating,Simpler onboarding,No
survey_user_0462,5-20,3,Examples would have been helpful,Sample projects or templates,Yes
survey_user_0463,5-20,2,Overwhelmed by all the customization options,Simpler onboarding,No
survey_user_0464,21-99,3,Unclear what I should create first,Templates or examples,Maybe
survey_user_0465,5-20,3,Wish there were templates or samples,Sample projects or templates,Maybe
survey_user_0466,5-20,3,Unclear what I should create first,Templates or examples,Maybe
survey_user_0467,5-20,3,Show me a sample project,Sample projects or templates,No
survey_user_0468,21-99,3,Needed examples to get started,Sample projects or templates,No
survey_user_0469,5-20,4,No idea what to put in the task,Templates or examples,No
survey_user_0470,21-99,4,Expected it to work differently,Better help docs,Maybe
survey_user_0471,21-99,3,Paralyzed by all the empty fields,Simpler onboarding,Maybe
survey_user_0472,21-99,3,Interface wasn't intuitive,Better help docs,Yes
survey_user_0473,21-99,2,Examples would have been helpful,Sample projects or templates,No
survey_user_0474,21-99,3,Stared at empty project not knowing what to do,Templates or examples,Maybe
survey_user_0475,5-20,2,I didn't know what to create,Templates or examples,Maybe
survey_user_0476,5-20,2,Paralyzed by all the empty fields,Simpler onboarding,Maybe
survey_user_0477,21-99,2,Unclear what I should create first,Templates or examples,Yes
survey_user_0478,21-99,2,Stared at empty project not knowing what to do,Templates or examples,Yes
survey_user_0479,5-20,2,Show me a sample project,Sample projects or templates,Yes
survey_user_0480,5-20,2,Show me a sample project,Sample projects or templates,Yes
survey_user_0481,5-20,3,Show me a sample project,Sample projects or templates,Yes
survey_user_0482,100+,4,Couldn't find the features I needed,Better help docs,Maybe
survey_user_0483,21-99,4,Unclear what I should create first,Templates or examples,Maybe
survey_user_0484,5-20,4,No idea what to put in the task,Templates or examples,Maybe
survey_user_0485,5-20,3,Too many clicks to do simple things,Better help docs,Maybe
survey_user_0486,5-20,3,Show me a sample project,Sample projects or templates,Maybe
survey_user_0487,21-99,2,Couldn't find the features I needed,Better help docs,Maybe
survey_user_0488,21-99,4,Would help to see what a good task looks like,Sample projects or templates,Maybe
survey_user_0489,100+,4,"Too many options, didn't know where to start",Simpler onboarding,Maybe
survey_user_0490,21-99,3,Expected it to work differently,Better help docs,Yes
survey_user_0491,21-99,3,Expected it to work differently,Better help docs,Yes
survey_user_0492,21-99,3,Felt overwhelmed by the blank canvas,Simpler onboarding,Maybe
survey_user_0493,5-20,2,Stared at empty project not knowing what to do,Templates or examples,Maybe
survey_user_0494,21-99,4,I didn't know what to create,Templates or examples,Maybe
survey_user_0495,5-20,3,Would help to see what a good task looks like,Sample projects or templates,No
survey_user_0496,21-99,2,Overwhelmed by all the customization options,Simpler onboarding,Yes
survey_user_0497,5-20,4,Blank project was intimidating,Simpler onboarding,No
survey_user_0498,100+,4,Would help to see what a good task looks like,Sample projects or templates,No
survey_user_0499,5-20,3,No idea what to put in the task,Templates or examples,Maybe
survey_user_0500,100+,4,Too many clicks to do simple things,Better help docs,Maybe
survey_user_0501,21-99,3,Too many clicks to do simple things,Better help docs,Maybe
survey_user_0502,100+,4,Wasn't sure what kind of tasks to make,Templates or examples,No
survey_user_0503,5-20,3,Show me a sample project,Sample projects or templates,Maybe
survey_user_0504,5-20,3,Felt overwhelmed by the blank canvas,Simpler onboarding,Yes
survey_user_0505,21-99,3,Wasn't sure what kind of tasks to make,Templates or examples,No
survey_user_0506,21-99,3,Blank project was intimidating,Simpler onboarding,Maybe
survey_user_0507,5-20,2,Show me a sample project,Sample projects or templates,Maybe
survey_user_0508,5-20,3,"Too many options, didn't know where to start",Simpler onboarding,Yes
survey_user_0509,5-20,4,Wasn't sure what kind of tasks to make,Templates or examples,Maybe
survey_user_0510,5-20,4,No idea what to put in the task,Templates or examples,Yes
survey_user_0511,100+,2,Navigation was confusing,Better help docs,Maybe
survey_user_0512,5-20,4,Overwhelmed by all the customization options,Simpler onboarding,Maybe
survey_user_0513,100+,3,Blank project was intimidating,Simpler onboarding,No
survey_user_0514,5-20,2,Would help to see what a good task looks like,Sample projects or templates,Maybe
survey_user_0515,5-20,2,Examples would have been helpful,Sample projects or templates,Maybe
survey_user_0516,21-99,2,No idea what to put in the task,Templates or examples,No
survey_user_0517,5-20,4,Expected it to work differently,Better help docs,No
survey_user_0518,21-99,4,Wasn't sure what kind of tasks to make,Templates or examples,Yes
survey_user_0519,21-99,4,Unclear what I should create first,Templates or examples,No
survey_user_0520,21-99,4,Unclear what I should create first,Templates or examples,Maybe
survey_user_0521,5-20,3,Wasn't sure what kind of tasks to make,Templates or examples,No
survey_user_0522,5-20,3,Stared at empty project not knowing what to do,Templates or examples,Yes
survey_user_0523,5-20,2,Stared at empty project not knowing what to do,Templates or examples,Yes
survey_user_0524,21-99,2,Overwhelmed by all the customization options,Simpler onboarding,No
survey_user_0525,21-99,2,No idea what to put in the task,Templates or examples,Maybe
survey_user_0526,21-99,3,Needed examples to get started,Sample projects or templates,Yes
survey_user_0527,5-20,3,Felt overwhelmed by the blank canvas,Simpler onboarding,Maybe
survey_user_0528,5-20,4,Unclear what I should create first,Templates or examples,Maybe
survey_user_0529,100+,2,Stared at empty project not knowing what to do,Templates or examples,Maybe
survey_user_0530,5-20,3,No idea what to put in the task,Templates or examples,No
survey_user_0531,5-20,2,Would help to see what a good task looks like,Sample projects or templates,Yes
survey_user_0532,100+,2,Couldn't find the features I needed,Better help docs,Maybe
survey_user_0533,5-20,2,"Too many options, didn't know where to start",Simpler onboarding,Maybe
survey_user_0534,21-99,4,Felt overwhelmed by the blank canvas,Simpler onboarding,Yes
survey_user_0535,21-99,3,I didn't know what to create,Templates or examples,No
survey_user_0536,5-20,3,Would help to see what a good task looks like,Sample projects or templates,Maybe
survey_user_0537,21-99,4,Stared at empty project not knowing what to do,Templates or examples,No
survey_user_0538,100+,3,Examples would have been helpful,Sample projects or templates,Maybe
survey_user_0539,21-99,3,No idea what to put in the task,Templates or examples,Maybe
survey_user_0540,100+,2,Stared at empty project not knowing what to do,Templates or examples,Maybe
survey_user_0541,21-99,3,Blank project was intimidating,Simpler onboarding,Maybe
survey_user_0542,21-99,3,Examples would have been helpful,Sample projects or templates,Yes
survey_user_0543,5-20,2,No idea what to put in the task,Templates or examples,Maybe
survey_user_0544,21-99,2,Stared at empty project not knowing what to do,Templates or examples,Maybe
survey_user_0545,5-20,4,Felt overwhelmed by the blank canvas,Simpler onboarding,No
survey_user_0546,21-99,4,Navigation was confusing,Better help docs,Yes
survey_user_0547,21-99,4,I didn't know what to create,Templates or examples,Maybe
survey_user_0548,5-20,4,Interface wasn't intuitive,Better help docs,Maybe
survey_user_0549,5-20,4,No idea what to put in the task,Templates or examples,Maybe
survey_user_0550,5-20,3,Needed examples to get started,Sample projects or templates,Maybe
survey_user_0551,5-20,4,Show me a sample project,Sample projects or templates,Maybe
survey_user_0552,21-99,2,Wasn't sure what kind of tasks to make,Templates or examples,Maybe
survey_user_0553,21-99,2,Blank project was intimidating,Simpler onboarding,Maybe
survey_user_0554,21-99,3,Stared at empty project not knowing what to do,Templates or examples,Maybe
survey_user_0555,5-20,3,Stared at empty project not knowing what to do,Templates or examples,Yes
survey_user_0556,100+,4,Navigation was confusing,Better help docs,Maybe
survey_user_0557,5-20,4,Too many clicks to do simple things,Better help docs,Maybe
survey_user_0558,5-20,4,Examples would have been helpful,Sample projects or templates,Yes
survey_user_0559,5-20,4,Needed examples to get started,Sample projects or templates,Maybe
survey_user_0560,5-20,3,Overwhelmed by all the customization options,Simpler onboarding,Maybe
survey_user_0561,21-99,4,Examples would have been helpful,Sample projects or templates,No
survey_user_0562,5-20,2,Wasn't sure what kind of tasks to make,Templates or examples,No
survey_user_0563,5-20,2,Wasn't sure what kind of tasks to make,Templates or examples,Maybe
survey_user_0564,5-20,4,Needed examples to get started,Sample projects or templates,Maybe
survey_user_0565,5-20,3,I didn't know what to create,Templates or examples,Yes
survey_user_0566,5-20,2,Examples would have been helpful,Sample projects or templates,Maybe
survey_user_0567,5-20,2,Wish there were templates or samples,Sample projects or templates,No
survey_user_0568,21-99,3,Wasn't sure what kind of tasks to make,Templates or examples,Maybe
survey_user_0569,5-20,4,No idea what to put in the task,Templates or examples,No
survey_user_0570,21-99,2,Too many clicks to do simple things,Better help docs,Maybe
survey_user_0571,5-20,2,Interface wasn't intuitive,Better help docs,Maybe
survey_user_0572,21-99,2,Overwhelmed by all the customization options,Simpler onboarding,Maybe
survey_user_0573,5-20,4,Examples would have been helpful,Sample projects or templates,No
survey_user_0574,5-20,2,I didn't know what to create,Templates or examples,Maybe
survey_user_0575,5-20,2,Paralyzed by all the empty fields,Simpler onboarding,No
survey_user_0576,5-20,2,Overwhelmed by all the customization options,Simpler onboarding,No
survey_user_0577,5-20,4,Show me a sample project,Sample projects or templates,No
survey_user_0578,21-99,4,Interface wasn't intuitive,Better help docs,Yes
survey_user_0579,5-20,3,No idea what to put in the task,Templates or examples,Maybe
survey_user_0580,100+,3,Paralyzed by all the empty fields,Simpler onboarding,No
survey_user_0581,5-20,2,Wasn't sure what kind of tasks to make,Templates or examples,Maybe
survey_user_0582,5-20,2,Would help to see what a good task looks like,Sample projects or templates,No
survey_user_0583,21-99,4,Expected it to work differently,Better help docs,No
survey_user_0584,5-20,4,Wasn't sure what kind of tasks to make,Templates or examples,Maybe
survey_user_0585,5-20,4,Unclear what I should create first,Templates or examples,Maybe
survey_user_0586,5-20,3,Show me a sample project,Sample projects or templates,Maybe
survey_user_0587,100+,3,Wish there were templates or samples,Sample projects or templates,Yes
survey_user_0588,5-20,3,Examples would have been helpful,Sample projects or templates,Maybe
survey_user_0589,5-20,4,Paralyzed by all the empty fields,Simpler onboarding,Maybe
survey_user_0590,21-99,3,"Too many options, didn't know where to start",Simpler onboarding,Maybe
survey_user_0591,5-20,4,Would help to see what a good task looks like,Sample projects or templates,No
survey_user_0592,5-20,2,Navigation was confusing,Better help docs,Maybe
survey_user_0593,5-20,2,Needed examples to get started,Sample projects or templates,Maybe
survey_user_0594,5-20,4,I didn't know what to create,Templates or examples,Yes
survey_user_0595,100+,3,Show me a sample project,Sample projects or templates,No
survey_user_0596,100+,3,Interface wasn't intuitive,Better help docs,No
survey_user_0597,5-20,3,Show me a sample project,Sample projects or templates,Maybe
survey_user_0598,5-20,4,Show me a sample project,Sample projects or templates,Maybe
survey_user_0599,21-99,2,Blank project was intimidating,Simpler onboarding,No
survey_user_0600,100+,3,Stared at empty project not knowing what to do,Templates or examples,Maybe
survey_user_0601,21-99,4,Wish there were templates or samples,Sample projects or templates,No
survey_user_0602,21-99,4,I didn't know what to create,Templates or examples,Maybe
survey_user_0603,21-99,3,Overwhelmed by all the customization options,Simpler onboarding,Maybe
survey_user_0604,100+,2,Show me a sample project,Sample projects or templates,Yes
survey_user_0605,100+,2,Blank project was intimidating,Simpler onboarding,Yes
survey_user_0606,5-20,3,Show me a sample project,Sample projects or templates,Maybe
survey_user_0607,100+,4,Too many clicks to do simple things,Better help docs,Maybe
survey_user_0608,21-99,3,Expected it to work differently,Better help docs,Maybe
survey_user_0609,21-99,4,Interface wasn't intuitive,Better help docs,Yes
survey_user_0610,21-99,2,Interface wasn't intuitive,Better help docs,Maybe
survey_user_0611,5-20,4,Wish there were templates or samples,Sample projects or templates,Maybe
survey_user_0612,21-99,4,Would help to see what a good task looks like,Sample projects or templates,No
survey_user_0613,21-99,2,Would help to see what a good task looks like,Sample projects or templates,Yes
survey_user_0614,21-99,4,Navigation was confusing,Better help docs,Maybe
survey_user_0615,5-20,3,No idea what to put in the task,Templates or examples,Maybe
survey_user_0616,100+,3,"Too many options, didn't know where to start",Simpler onboarding,Maybe
survey_user_0617,5-20,2,Stared at empty project not knowing what to do,Templates or examples,Maybe
survey_user_0618,5-20,3,No idea what to put in the task,Templates or examples,Maybe
survey_user_0619,21-99,4,I didn't know what to create,Templates or examples,Yes
survey_user_0620,21-99,2,Expected it to work differently,Better help docs,Yes
survey_user_0621,5-20,3,No idea what to put in the task,Templates or examples,Yes
survey_user_0622,5-20,3,Overwhelmed by all the customization options,Simpler onboarding,Yes
survey_user_0623,5-20,4,Needed examples to get started,Sample projects or templates,Yes
survey_user_0624,5-20,3,Show me a sample project,Sample projects or templates,Yes
survey_user_0625,21-99,2,Interface wasn't intuitive,Better help docs,Yes
survey_user_0626,5-20,3,Wasn't sure what kind of tasks to make,Templates or examples,No
survey_user_0627,5-20,2,Would help to see what a good task looks like,Sample projects or templates,Maybe
survey_user_0628,5-20,3,Show me a sample project,Sample projects or templates,Maybe
survey_user_0629,5-20,4,Examples would have been helpful,Sample projects or templates,Maybe
survey_user_0630,5-20,2,Unclear what I should create first,Templates or examples,Maybe
survey_user_0631,100+,4,Felt overwhelmed by the blank canvas,Simpler onboarding,Maybe
survey_user_0632,21-99,2,Paralyzed by all the empty fields,Simpler onboarding,Maybe
survey_user_0633,21-99,2,Interface wasn't intuitive,Better help docs,Maybe
survey_user_0634,5-20,4,No idea what to put in the task,Templates or examples,Maybe
survey_user_0635,21-99,4,Show me a sample project,Sample projects or templates,No
survey_user_0636,5-20,2,Needed examples to get started,Sample projects or templates,Maybe
survey_user_0637,5-20,4,Examples would have been helpful,Sample projects or templates,Maybe
survey_user_0638,5-20,3,No idea what to put in the task,Templates or examples,Maybe
survey_user_0639,5-20,2,No idea what to put in the task,Templates or examples,Maybe
survey_user_0640,100+,4,Would help to see what a good task looks like,Sample projects or templates,Yes
survey_user_0641,21-99,3,Needed examples to get started,Sample projects or templates,Maybe
survey_user_0642,5-20,4,Couldn't find the features I needed,Better help docs,Maybe
survey_user_0643,5-20,2,Examples would have been helpful,Sample projects or templates,No
survey_user_0644,5-20,4,Stared at empty project not knowing what to do,Templates or examples,Maybe
survey_user_0645,21-99,3,Paralyzed by all the empty fields,Simpler onboarding,Yes
survey_user_0646,21-99,4,Expected it to work differently,Better help docs,Yes
survey_user_0647,5-20,2,I didn't know what to create,Templates or examples,Maybe
survey_user_0648,21-99,2,Navigation was confusing,Better help docs,Maybe
survey_user_0649,5-20,4,Unclear what I should create first,Templates or examples,No
survey_user_0650,5-20,2,I didn't know what to create,Templates or examples,Maybe
survey_user_0651,21-99,3,Unclear what I should create first,Templates or examples,Maybe
survey_user_0652,5-20,2,Wasn't sure what kind of tasks to make,Templates or examples,Maybe
survey_user_0653,5-20,3,Would help to see what a good task looks like,Sample projects or templates,Yes
survey_user_0654,100+,4,Blank project was intimidating,Simpler onboarding,Yes
survey_user_0655,5-20,2,Overwhelmed by all the customization options,Simpler onboarding,Yes
survey_user_0656,21-99,3,Overwhelmed by all the customization options,Simpler onboarding,Maybe
survey_user_0657,100+,2,"Too many options, didn't know where to start",Simpler onboarding,Yes
survey_user_0658,5-20,3,Wasn't sure what kind of tasks to make,Templates or examples,No
survey_user_0659,5-20,3,"Too many options, didn't know where to start",Simpler onboarding,Maybe
survey_user_0660,5-20,3,Unclear what I should create first,Templates or examples,Maybe
survey_user_0661,5-20,4,Would help to see what a good task looks like,Sample projects or templates,Maybe
survey_user_0662,21-99,3,"Too many options, didn't know where to start",Simpler onboarding,Yes
survey_user_0663,5-20,3,Unclear what I should create first,Templates or examples,Maybe
survey_user_0664,5-20,4,Wish there were templates or samples,Sample projects or templates,Maybe
survey_user_0665,5-20,3,Would help to see what a good task looks like,Sample projects or templates,Maybe
survey_user_0666,21-99,2,Stared at empty project not knowing what to do,Templates or examples,Yes
survey_user_0667,21-99,3,Show me a sample project,Sample projects or templates,Maybe
survey_user_0668,5-20,2,No idea what to put in the task,Templates or examples,Maybe
survey_user_0669,100+,4,Wish there were templates or samples,Sample projects or templates,Yes
survey_user_0670,21-99,2,Wasn't sure what kind of tasks to make,Templates or examples,Yes
survey_user_0671,5-20,3,Examples would have been helpful,Sample projects or templates,Yes
survey_user_0672,21-99,2,I didn't know what to create,Templates or examples,No
survey_user_0673,5-20,3,No idea what to put in the task,Templates or examples,Maybe
survey_user_0674,5-20,2,Paralyzed by all the empty fields,Simpler onboarding,No
survey_user_0675,100+,3,Interface wasn't intuitive,Better help docs,Maybe
survey_user_0676,21-99,4,Unclear what I should create first,Templates or examples,No
survey_user_0677,5-20,3,Interface wasn't intuitive,Better help docs,Maybe
survey_user_0678,100+,4,I didn't know what to create,Templates or examples,No
survey_user_0679,5-20,3,Wish there were templates or samples,Sample projects or templates,No
survey_user_0680,21-99,2,I didn't know what to create,Templates or examples,Yes
survey_user_0681,5-20,4,Stared at empty project not knowing what to do,Templates or examples,No
survey_user_0682,5-20,4,I didn't know what to create,Templates or examples,Yes
survey_user_0683,21-99,2,I didn't know what to create,Templates or examples,Maybe
survey_user_0684,5-20,4,Would help to see what a good task looks like,Sample projects or templates,No
survey_user_0685,5-20,2,Show me a sample project,Sample projects or templates,Maybe
survey_user_0686,5-20,4,No idea what to put in the task,Templates or examples,Maybe
survey_user_0687,21-99,2,Wish there were templates or samples,Sample projects or templates,Yes
survey_user_0688,5-20,3,I didn't know what to create,Templates or examples,Yes
survey_user_0689,5-20,2,Examples would have been helpful,Sample projects or templates,Maybe
survey_user_0690,5-20,3,Unclear what I should create first,Templates or examples,Maybe
survey_user_0691,5-20,3,Stared at empty project not knowing what to do,Templates or examples,Maybe
survey_user_0692,5-20,3,Overwhelmed by all the customization options,Simpler onboarding,Maybe
survey_user_0693,21-99,4,Blank project was intimidating,Simpler onboarding,Maybe
survey_user_0694,5-20,3,No idea what to put in the task,Templates or examples,Maybe
survey_user_0695,5-20,2,Show me a sample project,Sample projects or templates,Maybe
survey_user_0696,5-20,2,Needed examples to get started,Sample projects or templates,No
survey_user_0697,5-20,2,"Too many options, didn't know where to start",Simpler onboarding,Maybe
survey_user_0698,5-20,4,I didn't know what to create,Templates or examples,Yes
survey_user_0699,21-99,3,Overwhelmed by all the customization options,Simpler onboarding,No
survey_user_0700,5-20,2,Needed examples to get started,Sample projects or templates,Maybe
survey_user_0701,21-99,3,Navigation was confusing,Better help docs,No
survey_user_0702,5-20,3,Examples would have been helpful,Sample projects or templates,No
survey_user_0703,21-99,4,Needed examples to get started,Sample projects or templates,No
survey_user_0704,21-99,4,Wasn't sure what kind of tasks to make,Templates or examples,No
survey_user_0705,5-20,2,Unclear what I should create first,Templates or examples,Maybe
survey_user_0706,5-20,4,Wasn't sure what kind of tasks to make,Templates or examples,Yes
survey_user_0707,21-99,3,Expected it to work differently,Better help docs,Yes
survey_user_0708,21-99,2,Needed examples to get started,Sample projects or templates,Maybe
survey_user_0709,5-20,4,Wish there were templates or samples,Sample projects or templates,Yes
survey_user_0710,100+,3,Expected it to work differently,Better help docs,Maybe
survey_user_0711,5-20,4,Would help to see what a good task looks like,Sample projects or templates,Maybe
survey_user_0712,5-20,4,No idea what to put in the task,Templates or examples,Maybe
survey_user_0713,5-20,2,Examples would have been helpful,Sample projects or templates,No
survey_user_0714,100+,2,Overwhelmed by all the customization options,Simpler onboarding,Maybe
survey_user_0715,5-20,3,Couldn't find the features I needed,Better help docs,No
survey_user_0716,21-99,4,Too many clicks to do simple things,Better help docs,Maybe
survey_user_0717,5-20,2,Wish there were templates or samples,Sample projects or templates,Maybe
survey_user_0718,5-20,3,Wish there were templates or samples,Sample projects or templates,Maybe
survey_user_0719,5-20,4,Wasn't sure what kind of tasks to make,Templates or examples,No
survey_user_0720,21-99,3,Couldn't find the features I needed,Better help docs,No
survey_user_0721,5-20,3,No idea what to put in the task,Templates or examples,No
survey_user_0722,21-99,3,Too many clicks to do simple things,Better help docs,Yes
survey_user_0723,5-20,4,"Too many options, didn't know where to start",Simpler onboarding,No
survey_user_0724,21-99,3,Felt overwhelmed by the blank canvas,Simpler onboarding,No
survey_user_0725,5-20,4,Would help to see what a good task looks like,Sample projects or templates,Maybe
survey_user_0726,5-20,3,Examples would have been helpful,Sample projects or templates,No
survey_user_0727,5-20,2,Unclear what I should create first,Templates or examples,Maybe
survey_user_0728,5-20,4,Needed examples to get started,Sample projects or templates,Yes
survey_user_0729,5-20,4,Unclear what I should create first,Templates or examples,Maybe
survey_user_0730,21-99,3,"Too many options, didn't know where to start",Simpler onboarding,Yes
survey_user_0731,21-99,4,No idea what to put in the task,Templates or examples,Maybe
survey_user_0732,5-20,3,Unclear what I should create first,Templates or examples,No
survey_user_0733,5-20,3,Stared at empty project not knowing what to do,Templates or examples,Maybe
survey_user_0734,5-20,3,Needed examples to get started,Sample projects or templates,Maybe
survey_user_0735,100+,4,Paralyzed by all the empty fields,Simpler onboarding,Maybe
survey_user_0736,5-20,2,"Too many options, didn't know where to start",Simpler onboarding,Maybe
survey_user_0737,5-20,2,Needed examples to get started,Sample projects or templates,No
survey_user_0738,5-20,3,Wish there were templates or samples,Sample projects or templates,No
survey_user_0739,5-20,3,Blank project was intimidating,Simpler onboarding,Yes
survey_user_0740,5-20,2,No idea what to put in the task,Templates or examples,Maybe
survey_user_0741,5-20,3,Overwhelmed by all the customization options,Simpler onboarding,Maybe
survey_user_0742,21-99,4,Paralyzed by all the empty fields,Simpler onboarding,No
survey_user_0743,5-20,4,Wasn't sure what kind of tasks to make,Templates or examples,Maybe
survey_user_0744,5-20,2,Needed examples to get started,Sample projects or templates,Yes
survey_user_0745,21-99,2,Blank project was intimidating,Simpler onboarding,No
survey_user_0746,5-20,2,Paralyzed by all the empty fields,Simpler onboarding,Yes
survey_user_0747,5-20,3,Would help to see what a good task looks like,Sample projects or templates,No
survey_user_0748,5-20,4,Examples would have been helpful,Sample projects or templates,No
survey_user_0749,5-20,3,Blank project was intimidating,Simpler onboarding,Yes
survey_user_0750,5-20,4,Stared at empty project not knowing what to do,Templates or examples,Maybe
survey_user_0751,5-20,3,No idea what to put in the task,Templates or examples,No
survey_user_0752,21-99,4,Navigation was confusing,Better help docs,Maybe
survey_user_0753,5-20,4,Unclear what I should create first,Templates or examples,Maybe
survey_user_0754,5-20,4,No idea what to put in the task,Templates or examples,Maybe
survey_user_0755,5-20,3,Examples would have been helpful,Sample projects or templates,Maybe
survey_user_0756,5-20,4,Wasn't sure what kind of tasks to make,Templates or examples,Maybe
survey_user_0757,21-99,2,Show me a sample project,Sample projects or templates,Yes
survey_user_0758,100+,4,Couldn't find the features I needed,Better help docs,Maybe
survey_user_0759,5-20,2,Needed examples to get started,Sample projects or templates,Maybe
survey_user_0760,21-99,3,I didn't know what to create,Templates or examples,Yes
survey_user_0761,100+,2,Would help to see what a good task looks like,Sample projects or templates,Maybe
survey_user_0762,5-20,4,No idea what to put in the task,Templates or examples,Maybe
survey_user_0763,21-99,2,Overwhelmed by all the customization options,Simpler onboarding,Maybe
survey_user_0764,21-99,2,Examples would have been helpful,Sample projects or templates,Yes
survey_user_0765,21-99,3,Examples would have been helpful,Sample projects or templates,Yes
survey_user_0766,5-20,3,I didn't know what to create,Templates or examples,No
survey_user_0767,100+,4,Couldn't find the features I needed,Better help docs,Maybe
survey_user_0768,21-99,4,Unclear what I should create first,Templates or examples,Yes
survey_user_0769,21-99,3,Couldn't find the features I needed,Better help docs,Yes
survey_user_0770,21-99,4,Paralyzed by all the empty fields,Simpler onboarding,Maybe
survey_user_0771,5-20,4,Overwhelmed by all the customization options,Simpler onboarding,No
survey_user_0772,5-20,2,Needed examples to get started,Sample projects or templates,Yes
survey_user_0773,100+,4,Unclear what I should create first,Templates or examples,No
survey_user_0774,5-20,3,Would help to see what a good task looks like,Sample projects or templates,Yes
survey_user_0775,5-20,4,I didn't know what to create,Templates or examples,Maybe
survey_user_0776,5-20,4,Needed examples to get started,Sample projects or templates,No
survey_user_0777,5-20,2,Show me a sample project,Sample projects or templates,Yes
survey_user_0778,5-20,3,Wish there were templates or samples,Sample projects or templates,Maybe
survey_user_0779,21-99,4,Stared at empty project not knowing what to do,Templates or examples,Maybe
survey_user_0780,21-99,4,I didn't know what to create,Templates or examples,Yes
survey_user_0781,21-99,4,Unclear what I should create first,Templates or examples,Maybe
survey_user_0782,5-20,3,Wasn't sure what kind of tasks to make,Templates or examples,Maybe
survey_user_0783,5-20,3,I didn't know what to create,Templates or examples,Maybe
survey_user_0784,5-20,3,Paralyzed by all the empty fields,Simpler onboarding,Maybe
survey_user_0785,5-20,2,Wasn't sure what kind of tasks to make,Templates or examples,Maybe
survey_user_0786,5-20,4,Examples would have been helpful,Sample projects or templates,No
survey_user_0787,21-99,4,"Too many options, didn't know where to start",Simpler onboarding,Yes
survey_user_0788,5-20,4,Show me a sample project,Sample projects or templates,No
survey_user_0789,5-20,4,Show me a sample project,Sample projects or templates,Maybe
survey_user_0790,5-20,2,Stared at empty project not knowing what to do,Templates or examples,Maybe
survey_user_0791,21-99,3,Overwhelmed by all the customization options,Simpler onboarding,Maybe
survey_user_0792,100+,2,Unclear what I should create first,Templates or examples,Maybe
survey_user_0793,21-99,4,Overwhelmed by all the customization options,Simpler onboarding,Maybe
survey_user_0794,100+,2,Too many clicks to do simple things,Better help docs,No
survey_user_0795,21-99,2,Examples would have been helpful,Sample projects or templates,Yes
survey_user_0796,21-99,2,Unclear what I should create first,Templates or examples,No
survey_user_0797,21-99,3,Show me a sample project,Sample projects or templates,Maybe
survey_user_0798,21-99,4,Felt overwhelmed by the blank canvas,Simpler onboarding,No
survey_user_0799,5-20,3,Would help to see what a good task looks like,Sample projects or templates,Maybe
survey_user_0800,5-20,3,Show me a sample project,Sample projects or templates,Maybe
